ts,cash,margin_used,unrealized_pnl,equity,open_positions
2026-09-20T12:15:00+00:00,10000,0,0,10000,0
2026-09-20T12:30:00+00:00,10000,0,0,10000,0
2026-09-20T12:45:00+00:00,10000,0,0,10000,0
2026-09-20T13:00:00+00:00,10000,0,0,10000,0
2026-09-20T13:15:00+00:00,10000,0,0,10000,0
2026-09-20T13:30:00+00:00,10000,0,0,10000,0
2026-09-20T13:45:00+00:00,10000,0,0,10000,0
2026-09-20T14:00:00+00:00,10000,0,0,10000,0
2026-09-20T14:15:00+00:00,10000,0,0,10000,0
2026-09-20T14:30:00+00:00,10000,0,0,10000,0
2026-09-20T14:45:00+00:00,10000,0,0,10000,0
2026-09-20T15:00:00+00:00,10000,0,0,10000,0
2026-09-20T15:15:00+00:00,10000,0,0,10000,0
2026-09-20T15:30:00+00:00,10000,0,0,10000,0
2026-09-20T15:45:00+00:00,10000,0,0,10000,0
2026-09-20T16:00:00+00:00,10000,0,0,10000,0
2026-09-20T16:15:00+00:00,10000,0,0,10000,0
2026-09-20T16:30:00+00:00,10000,0,0,10000,0
2026-09-20T16:45:00+00:00,10000,0,0,10000,0
2026-09-20T17:00:00+00:00,10000,0,0,10000,0
2026-09-20T17:15:00+00:00,3237.617866,6758.664868,-9.76688079,9986.515854,1
2026-09-20T17:30:00+00:00,3237.617866,6758.664868,9.65872964,10005.94146,1
2026-09-20T17:45:00+00:00,3237.617866,6758.664868,-10.12461152,9986.158123,1
2026-09-20T18:00:00+00:00,3237.617866,6758.664868,-13.86830518,9982.414429,1
2026-09-20T18:15:00+00:00,3237.617866,6758.664868,0.7154614548,9996.998196,1
2026-09-20T18:30:00+00:00,3237.617866,6758.664868,-4.558986945,9991.723747,1
2026-09-20T18:45:00+00:00,3237.617866,6758.664868,-19.20098881,9977.081746,1
2026-09-20T19:00:00+00:00,3237.617866,6758.664868,-14.86662349,9981.416111,1
2026-09-20T19:15:00+00:00,3237.617866,6758.664868,-12.04637426,9984.23636,1
2026-09-20T19:30:00+00:00,3237.617866,6758.664868,-2.720417392,9993.562317,1
2026-09-20T19:45:00+00:00,3237.617866,6758.664868,-7.204530464,9989.078204,1
2026-09-20T20:00:00+00:00,3237.617866,6758.664868,-9.683687598,9986.599047,1
2026-09-20T20:15:00+00:00,3237.617866,6758.664868,-7.504025956,9988.778708,1
2026-09-20T20:30:00+00:00,3237.617866,6758.664868,-10.94822412,9985.33451,1
2026-09-20T20:45:00+00:00,3237.617866,6758.664868,-15.5654463,9980.717288,1
2026-09-20T21:00:00+00:00,3237.617866,6758.664868,-41.69642804,9954.586306,1
2026-09-20T21:15:00+00:00,3237.617866,6758.664868,-32.30391662,9963.978818,1
2026-09-20T21:30:00+00:00,3237.617866,6758.664868,-39.59164027,9956.691094,1
2026-09-20T21:45:00+00:00,3237.617866,6758.664868,-28.29400474,9967.98873,1
2026-09-20T22:00:00+00:00,3237.617866,6758.664868,2.096468449,9998.379203,1
2026-09-20T22:15:00+00:00,3237.617866,6758.664868,-9.126293208,9987.156441,1
2026-09-20T22:30:00+00:00,3237.617866,6758.664868,-12.89494483,9983.387789,1
2026-09-20T22:45:00+00:00,3237.617866,6758.664868,-4.733692649,9991.549042,1
2026-09-20T23:00:00+00:00,3237.617866,6758.664868,-10.03309901,9986.249635,1
2026-09-20T23:15:00+00:00,3237.617866,6758.664868,-10.02477969,9986.257955,1
2026-09-20T23:30:00+00:00,3237.617866,6758.664868,-0.5657137085,9995.717021,1
2026-09-20T23:45:00+00:00,3237.617866,6758.664868,-8.01150443,9988.27123,1
2026-09-21T00:00:00+00:00,3236.992886,6758.664868,34.10920889,10029.76696,1
2026-09-21T00:15:00+00:00,3236.992886,6758.664868,39.01760724,10034.67536,1
2026-09-21T00:30:00+00:00,3236.992886,6758.664868,35.39038406,10031.04814,1
2026-09-21T00:45:00+00:00,3236.992886,6758.664868,27.67837512,10023.33613,1
2026-09-21T01:00:00+00:00,3236.992886,6758.664868,43.61819079,10039.27595,1
2026-09-21T01:15:00+00:00,3236.992886,6758.664868,27.02946822,10022.68722,1
2026-09-21T01:30:00+00:00,3236.992886,6758.664868,16.05628614,10011.71404,1
2026-09-21T01:45:00+00:00,3236.992886,6758.664868,-22.437204,9973.22055,1
2026-09-21T02:00:00+00:00,3236.992886,6758.664868,8.269403327,10003.92716,1
2026-09-21T02:15:00+00:00,3236.992886,6758.664868,12.13788677,10007.79564,1
2026-09-21T02:30:00+00:00,3236.992886,6758.664868,-1.389326313,9994.268428,1
2026-09-21T02:45:00+00:00,3236.992886,6758.664868,4.733692649,10000.39145,1
2026-09-21T03:00:00+00:00,3236.992886,6758.664868,4.925036991,10000.58279,1
2026-09-21T03:15:00+00:00,0,9993.189956,5.87538217,9999.065339,2
2026-09-21T03:30:00+00:00,0,9993.189956,6.876919067,10000.06688,2
2026-09-21T03:45:00+00:00,0,9993.189956,5.755085839,9998.945042,2
2026-09-21T04:00:00+00:00,0,9993.189956,1.499952819,9994.689909,2
2026-09-21T04:15:00+00:00,0,9993.189956,2.202147683,9995.392104,2
2026-09-21T04:30:00+00:00,0,9993.189956,5.282293281,9998.47225,2
2026-09-21T04:45:00+00:00,0,9993.189956,4.560515293,9997.750472,2
2026-09-21T05:00:00+00:00,0,9993.189956,2.963091918,9996.153048,2
2026-09-21T05:15:00+00:00,0,9993.189956,9.814387621,10003.00434,2
2026-09-21T05:30:00+00:00,0,9993.189956,10.69003301,10003.87999,2
2026-09-21T05:45:00+00:00,0,9993.189956,9.101002401,10002.29096,2
2026-09-21T06:00:00+00:00,0,9993.189956,12.27626603,10005.46622,2
2026-09-21T06:15:00+00:00,0,9993.189956,16.12015345,10009.31011,2
2026-09-21T06:30:00+00:00,0,9993.189956,4.303137096,9997.493094,2
2026-09-21T06:45:00+00:00,0,9993.189956,11.40062064,10004.59058,2
2026-09-21T07:00:00+00:00,0,9993.189956,9.114990347,10002.30495,2
2026-09-21T07:15:00+00:00,0,9993.189956,10.61729569,10003.80725,2
2026-09-21T07:30:00+00:00,0,9993.189956,7.76934999,10000.95931,2
2026-09-21T07:45:00+00:00,0,9993.189956,13.87089182,10007.06085,2
2026-09-21T08:00:00+00:00,-0.2285630294,9993.189956,18.20435733,10011.16575,2
2026-09-21T08:15:00+00:00,-0.2285630294,9993.189956,28.00151435,10020.96291,2
2026-09-21T08:30:00+00:00,10066.17318,0,0,10066.17318,0
2026-09-21T08:45:00+00:00,8397.039977,1668.215689,6.793538421,10072.0492,1
2026-09-21T09:00:00+00:00,8397.039977,1668.215689,4.998699944,10070.25437,1
2026-09-21T09:15:00+00:00,8397.039977,1668.215689,-12.80011496,10052.45555,1
2026-09-21T09:30:00+00:00,8397.039977,1668.215689,-14.29581369,10050.95985,1
2026-09-21T09:45:00+00:00,8397.039977,1668.215689,-13.54796432,10051.7077,1
2026-09-21T10:00:00+00:00,8397.039977,1668.215689,-26.85968303,10038.39598,1
2026-09-21T10:15:00+00:00,8397.039977,1668.215689,-20.8768881,10044.37878,1
2026-09-21T10:30:00+00:00,8397.039977,1668.215689,-37.62871389,10027.62695,1
2026-09-21T10:45:00+00:00,8397.039977,1668.215689,-34.33817668,10030.91749,1
2026-09-21T11:00:00+00:00,8397.039977,1668.215689,-51.98742171,10013.26824,1
2026-09-21T11:15:00+00:00,8397.039977,1668.215689,-47.50032552,10017.75534,1
2026-09-21T11:30:00+00:00,8397.039977,1668.215689,-47.20118577,10018.05448,1
2026-09-21T11:45:00+00:00,8397.039977,1668.215689,-21.77430734,10043.48136,1
2026-09-21T12:00:00+00:00,8397.039977,1668.215689,-26.11183366,10039.14383,1
2026-09-21T12:15:00+00:00,8397.039977,1668.215689,-31.04763947,10034.20803,1
2026-09-21T12:30:00+00:00,8397.039977,1668.215689,-39.87226199,10025.3834,1
2026-09-21T12:45:00+00:00,8397.039977,1668.215689,-43.61150882,10021.64416,1
2026-09-21T13:00:00+00:00,8397.039977,1668.215689,-26.41097341,10038.84469,1
2026-09-21T13:15:00+00:00,8397.039977,1668.215689,-7.116459777,10058.13921,1
2026-09-21T13:30:00+00:00,8397.039977,1668.215689,-7.116459777,10058.13921,1
2026-09-21T13:45:00+00:00,8397.039977,1668.215689,-15.64194254,10049.61372,1
2026-09-21T14:00:00+00:00,8397.039977,1668.215689,-2.031084092,10063.22458,1
2026-09-21T14:15:00+00:00,8397.039977,1668.215689,-4.723341808,10060.53232,1
2026-09-21T14:30:00+00:00,8397.039977,1668.215689,-3.676352696,10061.57931,1
2026-09-21T14:45:00+00:00,8397.039977,1668.215689,-2.330223838,10062.92544,1
2026-09-21T15:00:00+00:00,8397.039977,1668.215689,-6.667750158,10058.58792,1
2026-09-21T15:15:00+00:00,8397.039977,1668.215689,-1.432804599,10063.82286,1
2026-09-21T15:30:00+00:00,8397.039977,1668.215689,-5.3216213,10059.93404,1
2026-09-21T15:45:00+00:00,8397.039977,1668.215689,12.32762373,10077.58329,1
2026-09-21T16:00:00+00:00,8397.03703,1668.215689,17.86170903,10083.11443,1
2026-09-21T16:15:00+00:00,8397.03703,1668.215689,15.01988144,10080.2726,1
2026-09-21T16:30:00+00:00,8397.03703,1668.215689,13.37461284,10078.62733,1
2026-09-21T16:45:00+00:00,8397.03703,1668.215689,13.82332246,10079.07604,1
2026-09-21T17:00:00+00:00,8397.03703,1668.215689,27.28461104,10092.53733,1
2026-09-21T17:15:00+00:00,8397.03703,1668.215689,22.79751484,10088.05023,1
2026-09-21T17:30:00+00:00,8397.03703,1668.215689,24.59235332,10089.84507,1
2026-09-21T17:45:00+00:00,8397.03703,1668.215689,46.13041505,10111.38313,1
2026-09-21T18:00:00+00:00,8397.03703,1668.215689,26.83590142,10092.08862,1
2026-09-21T18:15:00+00:00,8397.03703,1668.215689,35.8100938,10101.06281,1
2026-09-21T18:30:00+00:00,8397.03703,1668.215689,38.95106114,10104.20378,1
2026-09-21T18:45:00+00:00,8397.03703,1668.215689,37.90407203,10103.15679,1
2026-09-21T19:00:00+00:00,8397.03703,1668.215689,27.73332066,10092.98604,1
2026-09-21T19:15:00+00:00,8397.03703,1668.215689,30.42557837,10095.6783,1
2026-09-21T19:30:00+00:00,8397.03703,1668.215689,23.39579434,10088.64851,1
2026-09-21T19:45:00+00:00,8397.03703,1668.215689,9.336226264,10074.58894,1
2026-09-21T20:00:00+00:00,8397.03703,1668.215689,23.69493408,10088.94765,1
2026-09-21T20:15:00+00:00,8397.03703,1668.215689,11.43020449,10076.68292,1
2026-09-21T20:30:00+00:00,8397.03703,1668.215689,12.62676347,10077.87948,1
2026-09-21T20:45:00+00:00,8397.03703,1668.215689,2.755151848,10068.00787,1
2026-09-21T21:00:00+00:00,8397.03703,1668.215689,-2.031084092,10063.22163,1
2026-09-21T21:15:00+00:00,8397.03703,1668.215689,-17.88549064,10047.36723,1
2026-09-21T21:30:00+00:00,8397.03703,1668.215689,-22.97086633,10042.28185,1
2026-09-21T21:45:00+00:00,8397.03703,1668.215689,-25.3639843,10039.88873,1
2026-09-21T22:00:00+00:00,8397.03703,1668.215689,-10.55656686,10054.69615,1
2026-09-21T22:15:00+00:00,8397.03703,1668.215689,-16.53936178,10048.71336,1
2026-09-21T22:30:00+00:00,8397.03703,1668.215689,-16.53936178,10048.71336,1
2026-09-21T22:45:00+00:00,8397.03703,1668.215689,-12.94968483,10052.30303,1
2026-09-21T23:00:00+00:00,6130.109944,3933.896651,-13.56894681,10050.43765,2
2026-09-21T23:15:00+00:00,6130.109944,3933.896651,-14.03623001,10049.97036,2
2026-09-21T23:30:00+00:00,6130.109944,3933.896651,-15.2303982,10048.7762,2
2026-09-21T23:45:00+00:00,6130.109944,3933.896651,-14.60735393,10049.39924,2
2026-09-22T00:00:00+00:00,6130.051663,3933.896651,-19.69554884,10044.25276,2
2026-09-22T00:15:00+00:00,6130.051663,3933.896651,-19.33210635,10044.61621,2
2026-09-22T00:30:00+00:00,6130.051663,3933.896651,-16.32072569,10047.62759,2
2026-09-22T00:45:00+00:00,6130.051663,3933.896651,-19.17634528,10044.77197,2
2026-09-22T01:00:00+00:00,6130.051663,3933.896651,-22.03196487,10041.91635,2
2026-09-22T01:15:00+00:00,6130.051663,3933.896651,-20.37051347,10043.5778,2
2026-09-22T01:30:00+00:00,6130.051663,3933.896651,-20.05899133,10043.88932,2
2026-09-22T01:45:00+00:00,6130.051663,3933.896651,-17.7225753,10046.22574,2
2026-09-22T02:00:00+00:00,6130.051663,3933.896651,-19.48786741,10044.46045,2
2026-09-22T02:15:00+00:00,6130.051663,3933.896651,-17.41105317,10046.53726,2
2026-09-22T02:30:00+00:00,6130.051663,3933.896651,-16.94376996,10047.00454,2
2026-09-22T02:45:00+00:00,5072.79895,4990.568194,-30.57647951,10032.79066,3
2026-09-22T03:00:00+00:00,5072.79895,4990.568194,-37.0774783,10026.28967,3
2026-09-22T03:15:00+00:00,5072.79895,4990.568194,-51.00803991,10012.3591,3
2026-09-22T03:30:00+00:00,5072.79895,4990.568194,-57.81440847,10005.55274,3
2026-09-22T03:45:00+00:00,5072.79895,4990.568194,-60.55658356,10002.81056,3
2026-09-22T04:00:00+00:00,5072.79895,4990.568194,-79.98229963,9983.384845,3
2026-09-22T04:15:00+00:00,3732.547714,6330.082697,-84.395108,9978.235303,4
2026-09-22T04:30:00+00:00,3732.547714,6330.082697,-117.7679353,9944.862476,4
2026-09-22T04:45:00+00:00,5895.431331,4064.401736,-62.42319594,9897.40987,3
2026-09-22T05:00:00+00:00,5895.431331,4064.401736,-44.47224166,9915.360825,3
2026-09-22T05:15:00+00:00,5895.431331,4064.401736,-47.77890582,9912.054161,3
2026-09-22T05:30:00+00:00,5895.431331,4064.401736,-39.36422941,9920.468837,3
2026-09-22T05:45:00+00:00,5895.431331,4064.401736,-23.11425833,9936.718808,3
2026-09-22T06:00:00+00:00,2893.923733,7064.259412,-15.71752336,9942.465621,4
2026-09-22T06:15:00+00:00,2893.923733,7064.259412,-35.56849187,9922.614653,4
2026-09-22T06:30:00+00:00,2893.923733,7064.259412,-51.11215025,9907.070994,4
2026-09-22T06:45:00+00:00,0,9953.871895,-52.74548946,9901.126405,5
2026-09-22T07:00:00+00:00,0,9953.871895,-69.97820274,9883.893692,5
2026-09-22T07:15:00+00:00,0,9953.871895,-49.40248015,9904.469414,5
2026-09-22T07:30:00+00:00,0,9953.871895,-38.94618075,9914.925714,5
2026-09-22T07:45:00+00:00,0,9953.871895,-55.70928218,9898.162612,5
2026-09-22T08:00:00+00:00,1.016623304,9953.871895,-74.64379631,9880.244722,5
2026-09-22T08:15:00+00:00,1.016623304,9953.871895,-62.68516279,9892.203355,5
2026-09-22T08:30:00+00:00,1.016623304,9953.871895,-160.7324398,9794.156078,5
2026-09-22T08:45:00+00:00,1.016623304,9953.871895,-159.4896339,9795.398884,5
2026-09-22T09:00:00+00:00,1.016623304,9953.871895,-121.2316791,9833.656839,5
2026-09-22T09:15:00+00:00,1.016623304,9953.871895,-132.6718273,9822.216691,5
2026-09-22T09:30:00+00:00,1.016623304,9953.871895,-158.8600601,9796.028458,5
2026-09-22T09:45:00+00:00,1.016623304,9953.871895,-178.785724,9776.102794,5
2026-09-22T10:00:00+00:00,2.273736754e-13,9987.251487,-171.5990486,9815.652439,5
2026-09-22T10:15:00+00:00,2.273736754e-13,9987.251487,-153.7941225,9833.457365,5
2026-09-22T10:30:00+00:00,2.273736754e-13,9987.251487,-154.2141769,9833.037311,5
2026-09-22T10:45:00+00:00,2.273736754e-13,9987.251487,-154.6425358,9832.608952,5
2026-09-22T11:00:00+00:00,2.273736754e-13,9987.251487,-146.6839765,9840.567511,5
2026-09-22T11:15:00+00:00,2.273736754e-13,9987.251487,-158.3717645,9828.879723,5
2026-09-22T11:30:00+00:00,2.273736754e-13,9987.251487,-195.2079542,9792.043533,5
2026-09-22T11:45:00+00:00,2.273736754e-13,9987.251487,-162.6606934,9824.590794,5
2026-09-22T12:00:00+00:00,2.273736754e-13,9987.251487,-136.6407389,9850.610749,5
2026-09-22T12:15:00+00:00,2.273736754e-13,9987.251487,-163.0595125,9824.191975,5
2026-09-22T12:30:00+00:00,2.273736754e-13,9987.251487,-180.3022091,9806.949278,5
2026-09-22T12:45:00+00:00,2.273736754e-13,9987.251487,-189.8697352,9797.381752,5
2026-09-22T13:00:00+00:00,2.273736754e-13,9987.251487,-204.8492434,9782.402244,5
2026-09-22T13:15:00+00:00,2.273736754e-13,9987.251487,-181.4591848,9805.792303,5
2026-09-22T13:30:00+00:00,2.273736754e-13,9987.251487,-236.640778,9750.610709,5
2026-09-22T13:45:00+00:00,2894.129406,6987.393811,-208.1813925,9673.341825,4
2026-09-22T14:00:00+00:00,2894.129406,6987.393811,-224.2911705,9657.232047,4
2026-09-22T14:15:00+00:00,2894.129406,6987.393811,-176.3535827,9705.169634,4
2026-09-22T14:30:00+00:00,561.2231222,9319.017702,-199.7797957,9680.461028,5
2026-09-22T14:45:00+00:00,561.2231222,9319.017702,-212.5390597,9667.701764,5
2026-09-22T15:00:00+00:00,561.2231222,9319.017702,-192.4775461,9687.763278,5
2026-09-22T15:15:00+00:00,561.2231222,9319.017702,-182.2137506,9698.027073,5
2026-09-22T15:30:00+00:00,3335.633454,6429.405219,-109.6483448,9655.390328,4
2026-09-22T15:45:00+00:00,3335.633454,6429.405219,-112.0679265,9652.970746,4
2026-09-22T16:00:00+00:00,3335.473829,6429.405219,-118.7503963,9646.128652,4
2026-09-22T16:15:00+00:00,0,9762.55825,-115.5394571,9647.018793,5
2026-09-22T16:30:00+00:00,0,9762.55825,-108.911357,9653.646893,5
2026-09-22T16:45:00+00:00,0,9762.55825,-95.30880651,9667.249444,5
2026-09-22T17:00:00+00:00,0,9762.55825,-86.63942201,9675.918828,5
2026-09-22T17:15:00+00:00,0,9762.55825,-86.4524624,9676.105788,5
2026-09-22T17:30:00+00:00,0,9762.55825,-91.82409025,9670.73416,5
2026-09-22T17:45:00+00:00,0,9762.55825,-93.25658494,9669.301665,5
2026-09-22T18:00:00+00:00,0,9762.55825,-98.14977677,9664.408473,5
2026-09-22T18:15:00+00:00,0,9762.55825,-126.0744766,9636.483774,5
2026-09-22T18:30:00+00:00,0,9762.55825,-120.5829646,9641.975286,5
2026-09-22T18:45:00+00:00,0,9762.55825,-123.1885345,9639.369716,5
2026-09-22T19:00:00+00:00,0,9762.55825,-113.6514514,9648.906799,5
2026-09-22T19:15:00+00:00,0,9762.55825,-96.99721864,9665.561031,5
2026-09-22T19:30:00+00:00,0,9762.55825,-126.5256223,9636.032628,5
2026-09-22T19:45:00+00:00,0,9762.55825,-134.522946,9628.035304,5
2026-09-22T20:00:00+00:00,0,9762.55825,-154.9612581,9607.596992,5
2026-09-22T20:15:00+00:00,0,9762.55825,-145.2824972,9617.275753,5
2026-09-22T20:30:00+00:00,0,9762.55825,-154.7462237,9607.812026,5
2026-09-22T20:45:00+00:00,0,9762.55825,-151.8081088,9610.750141,5
2026-09-22T21:00:00+00:00,0,9762.55825,-151.6379605,9610.92029,5
2026-09-22T21:15:00+00:00,0,9762.55825,-154.5228847,9608.035365,5
2026-09-22T21:30:00+00:00,0,9762.55825,-161.0260287,9601.532221,5
2026-09-22T21:45:00+00:00,0,9762.55825,-151.7158871,9610.842363,5
2026-09-22T22:00:00+00:00,0,9762.55825,-165.4188137,9597.139436,5
2026-09-22T22:15:00+00:00,0,9762.55825,-145.9267008,9616.631549,5
2026-09-22T22:30:00+00:00,0,9762.55825,-130.6127593,9631.945491,5
2026-09-22T22:45:00+00:00,0,9762.55825,-130.8453038,9631.712946,5
2026-09-22T23:00:00+00:00,0,9762.55825,-89.11134536,9673.446905,5
2026-09-22T23:15:00+00:00,0,9762.55825,-108.9091146,9653.649136,5
2026-09-22T23:30:00+00:00,0,9762.55825,-122.0131908,9640.545059,5
2026-09-22T23:45:00+00:00,0,9762.55825,-112.1512115,9650.407039,5
2026-09-23T00:00:00+00:00,-0.3181110644,9762.55825,-106.7555915,9655.484547,5
2026-09-23T00:15:00+00:00,-0.3181110644,9762.55825,-104.8938364,9657.346303,5
2026-09-23T00:30:00+00:00,-0.3181110644,9762.55825,-110.9828198,9651.257319,5
2026-09-23T00:45:00+00:00,-0.3181110644,9762.55825,-120.256345,9641.983794,5
2026-09-23T01:00:00+00:00,-0.3181110644,9762.55825,-98.64676162,9663.593377,5
2026-09-23T01:15:00+00:00,-0.3181110644,9762.55825,-124.8968189,9637.34332,5
2026-09-23T01:30:00+00:00,-0.3181110644,9762.55825,-146.1100036,9616.130135,5
2026-09-23T01:45:00+00:00,-0.3181110644,9762.55825,-149.2542785,9612.985861,5
2026-09-23T02:00:00+00:00,-0.3181110644,9762.55825,-146.7691839,9615.470955,5
2026-09-23T02:15:00+00:00,-0.3181110644,9762.55825,-138.9375772,9623.302562,5
2026-09-23T02:30:00+00:00,-0.3181110644,9762.55825,-147.5266443,9614.713495,5
2026-09-23T02:45:00+00:00,1598.622041,8060.962968,-33.26076218,9626.324247,4
2026-09-23T03:00:00+00:00,1598.622041,8060.962968,-29.65427439,9629.930735,4
2026-09-23T03:15:00+00:00,1598.622041,8060.962968,-12.44133887,9647.14367,4
2026-09-23T03:30:00+00:00,1598.622041,8060.962968,36.530707,9696.115716,4
2026-09-23T03:45:00+00:00,-2.273736754e-13,9658.683386,7.356982768,9666.040369,5
2026-09-23T04:00:00+00:00,1020.348098,8602.011842,33.84627052,9656.206211,4
2026-09-23T04:15:00+00:00,0,9621.163123,84.38207148,9705.545195,5
2026-09-23T04:30:00+00:00,0,9621.163123,112.0786076,9733.241731,5
2026-09-23T04:45:00+00:00,0,9621.163123,112.4400658,9733.603189,5
2026-09-23T05:00:00+00:00,0,9621.163123,52.42817894,9673.591302,5
2026-09-23T05:15:00+00:00,0,9621.163123,28.37868042,9649.541804,5
2026-09-23T05:30:00+00:00,1303.486717,8281.64862,68.02246033,9653.157798,4
2026-09-23T05:45:00+00:00,1303.486717,8281.64862,11.31070752,9596.446045,4
2026-09-23T06:00:00+00:00,1303.486717,8281.64862,56.72851143,9641.863849,4
2026-09-23T06:15:00+00:00,1303.486717,8281.64862,61.52046092,9646.655798,4
2026-09-23T06:30:00+00:00,1303.486717,8281.64862,110.2089045,9695.344242,4
2026-09-23T06:45:00+00:00,1303.486717,8281.64862,78.62279801,9663.758135,4
2026-09-23T07:00:00+00:00,1303.486717,8281.64862,54.03692815,9639.172266,4
2026-09-23T07:15:00+00:00,1303.486717,8281.64862,82.75725381,9667.892591,4
2026-09-23T07:30:00+00:00,1303.486717,8281.64862,32.71669816,9617.852036,4
2026-09-23T07:45:00+00:00,1303.486717,8281.64862,17.59886701,9602.734204,4
2026-09-23T08:00:00+00:00,1302.819524,8281.64862,15.20597428,9599.674119,4
2026-09-23T08:15:00+00:00,0,9581.108404,42.25774186,9623.366146,5
2026-09-23T08:30:00+00:00,0,9581.108404,53.02408115,9634.132485,5
2026-09-23T08:45:00+00:00,0,9581.108404,11.18017506,9592.288579,5
2026-09-23T09:00:00+00:00,0,9581.108404,19.55274089,9600.661145,5
2026-09-23T09:15:00+00:00,0,9581.108404,57.56594972,9638.674354,5
2026-09-23T09:30:00+00:00,0,9581.108404,51.57313613,9632.68154,5
2026-09-23T09:45:00+00:00,0,9581.108404,48.55787554,9629.66628,5
2026-09-23T10:00:00+00:00,0,9581.108404,28.07238728,9609.180792,5
2026-09-23T10:15:00+00:00,0,9581.108404,-18.44691951,9562.661485,5
2026-09-23T10:30:00+00:00,0,9581.108404,-58.4471235,9522.661281,5
2026-09-23T10:45:00+00:00,0,9581.108404,-47.82792642,9533.280478,5
2026-09-23T11:00:00+00:00,0,9581.108404,-74.16066295,9506.947741,5
2026-09-23T11:15:00+00:00,0,9581.108404,-119.3638918,9461.744512,5
2026-09-23T11:30:00+00:00,0,9581.108404,-143.5930496,9437.515355,5
2026-09-23T11:45:00+00:00,0,9581.108404,-131.3196339,9449.78877,5
2026-09-23T12:00:00+00:00,920.5211144,8561.957123,-44.34214422,9438.136094,4
2026-09-23T12:15:00+00:00,920.5211144,8561.957123,-41.23998501,9441.238253,4
2026-09-23T12:30:00+00:00,920.5211144,8561.957123,-47.25101828,9435.227219,4
2026-09-23T12:45:00+00:00,920.5211144,8561.957123,-44.62532702,9437.852911,4
2026-09-23T13:00:00+00:00,920.5211144,8561.957123,-57.19721852,9425.281019,4
2026-09-23T13:15:00+00:00,920.5211144,8561.957123,-43.02508835,9439.453149,4
2026-09-23T13:30:00+00:00,920.5211144,8561.957123,-22.81052832,9459.667709,4
2026-09-23T13:45:00+00:00,0,9481.900508,-14.80193148,9467.098576,5
2026-09-23T14:00:00+00:00,5209.324559,4253.096416,-15.22572989,9447.195245,2
2026-09-23T14:15:00+00:00,8441.752829,919.9433846,60.78716757,9422.483381,1
2026-09-23T14:30:00+00:00,8441.752829,919.9433846,52.15873324,9413.854946,1
2026-09-23T14:45:00+00:00,8441.752829,919.9433846,48.30131554,9409.997529,1
2026-09-23T15:00:00+00:00,8441.752829,919.9433846,44.34238685,9406.0386,1
2026-09-23T15:15:00+00:00,8441.752829,919.9433846,59.77205765,9421.468271,1
2026-09-23T15:30:00+00:00,8441.752829,919.9433846,67.38538206,9429.081595,1
2026-09-23T15:45:00+00:00,8441.752829,919.9433846,69.21257992,9430.908793,1
2026-09-23T16:00:00+00:00,8441.801884,919.9433846,57.03126086,9418.776529,1
2026-09-23T16:15:00+00:00,8441.801884,919.9433846,60.58414559,9422.329414,1
2026-09-23T16:30:00+00:00,8441.801884,919.9433846,55.61010698,9417.355375,1
2026-09-23T16:45:00+00:00,8441.801884,919.9433846,64.44156329,9426.186832,1
2026-09-23T17:00:00+00:00,8441.801884,919.9433846,75.8107944,9437.556063,1
2026-09-23T17:15:00+00:00,8441.801884,919.9433846,69.4156019,9431.16087,1
2026-09-23T17:30:00+00:00,8441.801884,919.9433846,67.58840404,9429.333672,1
2026-09-23T17:45:00+00:00,8441.801884,919.9433846,69.61862388,9431.363892,1
2026-09-23T18:00:00+00:00,8441.801884,919.9433846,79.6682121,9441.413481,1
2026-09-23T18:15:00+00:00,8441.801884,919.9433846,81.90145393,9443.646722,1
2026-09-23T18:30:00+00:00,8441.801884,919.9433846,79.6682121,9441.413481,1
2026-09-23T18:45:00+00:00,8441.801884,919.9433846,78.75461317,9440.499882,1
2026-09-23T19:00:00+00:00,8441.801884,919.9433846,77.53648127,9439.28175,1
2026-09-23T19:15:00+00:00,8441.801884,919.9433846,66.06573916,9427.811008,1
2026-09-23T19:30:00+00:00,8441.801884,919.9433846,69.00955793,9430.754826,1
2026-09-23T19:45:00+00:00,8441.801884,919.9433846,72.15639869,9433.901667,1
2026-09-23T20:00:00+00:00,8441.801884,919.9433846,71.75035472,9433.495623,1
2026-09-23T20:15:00+00:00,8441.801884,919.9433846,71.64884373,9433.394112,1
2026-09-23T20:30:00+00:00,8441.801884,919.9433846,66.37027214,9428.115541,1
2026-09-23T20:45:00+00:00,8441.801884,919.9433846,68.19746999,9429.942738,1
2026-09-23T21:00:00+00:00,8441.801884,919.9433846,57.43730483,9419.182573,1
2026-09-23T21:15:00+00:00,8441.801884,919.9433846,52.26024424,9414.005513,1
2026-09-23T21:30:00+00:00,8441.801884,919.9433846,48.9103815,9410.65565,1
2026-09-23T21:45:00+00:00,8441.801884,919.9433846,51.4481563,9413.193425,1
2026-09-23T22:00:00+00:00,8441.801884,919.9433846,44.74843082,9406.493699,1
2026-09-23T22:15:00+00:00,8441.801884,919.9433846,45.86505173,9407.61032,1
2026-09-23T22:30:00+00:00,8441.801884,919.9433846,55.91463995,9417.659908,1
2026-09-23T22:45:00+00:00,8441.801884,919.9433846,56.5237059,9418.268974,1
2026-09-23T23:00:00+00:00,8441.801884,919.9433846,57.03126086,9418.776529,1
2026-09-23T23:15:00+00:00,8441.801884,919.9433846,51.65117828,9413.396447,1
2026-09-23T23:30:00+00:00,8441.801884,919.9433846,61.7007665,9423.446035,1
2026-09-23T23:45:00+00:00,8441.801884,919.9433846,61.39623352,9423.141502,1
2026-09-24T00:00:00+00:00,8441.85134,919.9433846,66.47178313,9428.266508,1
2026-09-24T00:15:00+00:00,8441.85134,919.9433846,66.97933809,9428.774063,1
2026-09-24T00:30:00+00:00,8441.85134,919.9433846,65.96422817,9427.758953,1
2026-09-24T00:45:00+00:00,8441.85134,919.9433846,73.17150861,9434.966233,1
2026-09-24T01:00:00+00:00,8441.85134,919.9433846,75.30323944,9437.097964,1
2026-09-24T01:15:00+00:00,8441.85134,919.9433846,76.21683837,9438.011563,1
2026-09-24T01:30:00+00:00,8441.85134,919.9433846,76.21683837,9438.011563,1
2026-09-24T01:45:00+00:00,8441.85134,919.9433846,77.73950325,9439.534228,1
2026-09-24T02:00:00+00:00,8441.85134,919.9433846,68.19746999,9429.992195,1
2026-09-24T02:15:00+00:00,8441.85134,919.9433846,64.3400523,9426.134777,1
2026-09-24T02:30:00+00:00,8441.85134,919.9433846,57.8433488,9419.638073,1
2026-09-24T02:45:00+00:00,1542.750675,7815.25163,45.45965819,9403.461963,2
2026-09-24T03:00:00+00:00,1542.750675,7815.25163,42.27738306,9400.279688,2
2026-09-24T03:15:00+00:00,1542.750675,7815.25163,33.72746659,9391.729772,2
2026-09-24T03:30:00+00:00,1542.750675,7815.25163,23.31109333,9381.313398,2
2026-09-24T03:45:00+00:00,1542.750675,7815.25163,5.117632616,9363.119938,2
2026-09-24T04:00:00+00:00,-2.273736754e-13,9354.952984,3.976565604,9358.929549,3
2026-09-24T04:15:00+00:00,-2.273736754e-13,9354.952984,-2.701517484,9352.251466,3
2026-09-24T04:30:00+00:00,-2.273736754e-13,9354.952984,13.90089778,9368.853881,3
2026-09-24T04:45:00+00:00,-2.273736754e-13,9354.952984,8.110984337,9363.063968,3
2026-09-24T05:00:00+00:00,-2.273736754e-13,9354.952984,-7.647835145,9347.305148,3
2026-09-24T05:15:00+00:00,-2.273736754e-13,9354.952984,-6.783005476,9348.169978,3
2026-09-24T05:30:00+00:00,-2.273736754e-13,9354.952984,1.298924819,9356.251908,3
2026-09-24T05:45:00+00:00,-2.273736754e-13,9354.952984,15.20736945,9370.160353,3
2026-09-24T06:00:00+00:00,-2.273736754e-13,9354.952984,-7.43565796,9347.517326,3
2026-09-24T06:15:00+00:00,-2.273736754e-13,9354.952984,-13.92893559,9341.024048,3
2026-09-24T06:30:00+00:00,-2.273736754e-13,9354.952984,3.444662094,9358.397646,3
2026-09-24T06:45:00+00:00,-2.273736754e-13,9354.952984,8.799484754,9363.752468,3
2026-09-24T07:00:00+00:00,-2.273736754e-13,9354.952984,9.411858381,9364.364842,3
2026-09-24T07:15:00+00:00,-2.273736754e-13,9354.952984,16.01959941,9370.972583,3
2026-09-24T07:30:00+00:00,-2.273736754e-13,9354.952984,2.328684724,9357.281668,3
2026-09-24T07:45:00+00:00,-2.273736754e-13,9354.952984,13.59537091,9368.548354,3
2026-09-24T08:00:00+00:00,-0.1439788725,9354.952984,12.00696071,9366.815965,3
2026-09-24T08:15:00+00:00,-0.1439788725,9354.952984,28.67751017,9383.486515,3
2026-09-24T08:30:00+00:00,-0.1439788725,9354.952984,31.80177877,9386.610783,3
2026-09-24T08:45:00+00:00,-0.1439788725,9354.952984,30.92317856,9385.732183,3
2026-09-24T09:00:00+00:00,-0.1439788725,9354.952984,38.16414193,9392.973147,3
2026-09-24T09:15:00+00:00,-0.1439788725,9354.952984,44.76030323,9399.569308,3
2026-09-24T09:30:00+00:00,6793.829603,2459.644738,142.0460131,9395.520354,2
2026-09-24T09:45:00+00:00,6793.829603,2459.644738,134.0760863,9387.550427,2
2026-09-24T10:00:00+00:00,6793.829603,2459.644738,138.1549258,9391.629267,2
2026-09-24T10:15:00+00:00,6793.829603,2459.644738,135.2451014,9388.719442,2
2026-09-24T10:30:00+00:00,6793.829603,2459.644738,132.8388748,9386.313216,2
2026-09-24T10:45:00+00:00,6793.829603,2459.644738,114.9699874,9368.444328,2
2026-09-24T11:00:00+00:00,1652.910049,7597.738341,92.87549355,9343.523883,3
2026-09-24T11:15:00+00:00,1652.910049,7597.738341,106.824535,9357.472924,3
2026-09-24T11:30:00+00:00,1652.910049,7597.738341,110.9662639,9361.614653,3
2026-09-24T11:45:00+00:00,1652.910049,7597.738341,107.9118522,9358.560242,3
2026-09-24T12:00:00+00:00,1652.910049,7597.738341,97.24776594,9347.896155,3
2026-09-24T12:15:00+00:00,1652.910049,7597.738341,92.49170372,9343.140093,3
2026-09-24T12:30:00+00:00,1652.910049,7597.738341,110.1439613,9360.792351,3
2026-09-24T12:45:00+00:00,1652.910049,7597.738341,95.05984516,9345.708234,3
2026-09-24T13:00:00+00:00,1652.910049,7597.738341,48.28192173,9298.930311,3
2026-09-24T13:15:00+00:00,1652.910049,7597.738341,16.14707974,9266.795469,3
2026-09-24T13:30:00+00:00,1652.910049,7597.738341,15.40869621,9266.057086,3
2026-09-24T13:45:00+00:00,1652.910049,7597.738341,-7.282200201,9243.366189,3
2026-09-24T14:00:00+00:00,209.9603953,9039.894808,-2.91649252,9246.938711,4
2026-09-24T14:15:00+00:00,5243.637851,3901.801205,12.95447772,9158.393534,3
2026-09-24T14:30:00+00:00,5243.637851,3901.801205,36.05568411,9181.494741,3
2026-09-24T14:45:00+00:00,5243.637851,3901.801205,71.46039522,9216.899452,3
2026-09-24T15:00:00+00:00,4666.853232,4456.414205,77.73766918,9201.005106,3
2026-09-24T15:15:00+00:00,3397.298785,5770.972318,33.23790916,9201.509012,3
2026-09-24T15:30:00+00:00,3397.298785,5770.972318,41.57546503,9209.846568,3
2026-09-24T15:45:00+00:00,3397.298785,5770.972318,33.90253825,9202.173641,3
2026-09-24T16:00:00+00:00,3397.508626,5770.972318,40.45333652,9208.93428,3
2026-09-24T16:15:00+00:00,0,9166.539959,57.87115051,9224.411109,4
2026-09-24T16:30:00+00:00,0,9166.539959,59.6221708,9226.162129,4
2026-09-24T16:45:00+00:00,0,9166.539959,69.45798856,9235.997947,4
2026-09-24T17:00:00+00:00,0,9166.539959,74.27230491,9240.812263,4
2026-09-24T17:15:00+00:00,0,9166.539959,74.26705329,9240.807012,4
2026-09-24T17:30:00+00:00,0,9166.539959,61.84928655,9228.389245,4
2026-09-24T17:45:00+00:00,0,9166.539959,58.9952412,9225.5352,4
2026-09-24T18:00:00+00:00,0,9166.539959,60.38828795,9226.928247,4
2026-09-24T18:15:00+00:00,0,9166.539959,68.8439915,9235.38395,4
2026-09-24T18:30:00+00:00,0,9166.539959,51.83944226,9218.379401,4
2026-09-24T18:45:00+00:00,0,9166.539959,70.84862694,9237.388586,4
2026-09-24T19:00:00+00:00,0,9166.539959,67.86429842,9234.404257,4
2026-09-24T19:15:00+00:00,0,9166.539959,60.12335798,9226.663317,4
2026-09-24T19:30:00+00:00,0,9166.539959,43.4086968,9209.948655,4
2026-09-24T19:45:00+00:00,0,9166.539959,46.43036122,9212.97032,4
2026-09-24T20:00:00+00:00,0,9166.539959,36.40689895,9202.946858,4
2026-09-24T20:15:00+00:00,0,9166.539959,51.29981279,9217.839771,4
2026-09-24T20:30:00+00:00,0,9166.539959,49.96214751,9216.502106,4
2026-09-24T20:45:00+00:00,0,9166.539959,52.73020324,9219.270162,4
2026-09-24T21:00:00+00:00,0,9166.539959,58.37649727,9224.916456,4
2026-09-24T21:15:00+00:00,0,9166.539959,75.90197463,9242.441933,4
2026-09-24T21:30:00+00:00,0,9166.539959,108.3849563,9274.924915,4
2026-09-24T21:45:00+00:00,0,9166.539959,92.84351244,9259.383471,4
2026-09-24T22:00:00+00:00,0,9166.539959,73.23830721,9239.778266,4
2026-09-24T22:15:00+00:00,0,9166.539959,35.55717285,9202.097131,4
2026-09-24T22:30:00+00:00,0,9166.539959,24.08748026,9190.627439,4
2026-09-24T22:45:00+00:00,0,9166.539959,18.07567559,9184.615634,4
2026-09-24T23:00:00+00:00,0,9166.539959,4.69790861,9171.237867,4
2026-09-24T23:15:00+00:00,0,9166.539959,17.9011381,9184.441097,4
2026-09-24T23:30:00+00:00,0,9166.539959,13.5791746,9180.119133,4
2026-09-24T23:45:00+00:00,0,9166.539959,23.65118481,9190.191143,4
2026-09-25T00:00:00+00:00,-0.2938866014,9166.539959,53.91193173,9220.158004,4
2026-09-25T00:15:00+00:00,-0.2938866014,9166.539959,58.11541594,9224.361488,4
2026-09-25T00:30:00+00:00,-0.2938866014,9166.539959,46.69420166,9212.940274,4
2026-09-25T00:45:00+00:00,-0.2938866014,9166.539959,43.35187618,9209.597948,4
2026-09-25T01:00:00+00:00,-0.2938866014,9166.539959,55.83536398,9222.081436,4
2026-09-25T01:15:00+00:00,-0.2938866014,9166.539959,46.99715516,9213.243227,4
2026-09-25T01:30:00+00:00,-0.2938866014,9166.539959,48.82487105,9215.070943,4
2026-09-25T01:45:00+00:00,-0.2938866014,9166.539959,49.76384242,9216.009914,4
2026-09-25T02:00:00+00:00,-0.2938866014,9166.539959,66.49466286,9232.740735,4
2026-09-25T02:15:00+00:00,-0.2938866014,9166.539959,55.91205595,9222.158128,4
2026-09-25T02:30:00+00:00,-0.2938866014,9166.539959,31.88884166,9198.134914,4
2026-09-25T02:45:00+00:00,-0.2938866014,9166.539959,29.79678555,9196.042858,4
2026-09-25T03:00:00+00:00,-0.2938866014,9166.539959,21.88006774,9188.12614,4
2026-09-25T03:15:00+00:00,-0.2938866014,9166.539959,16.23319718,9182.479269,4
2026-09-25T03:30:00+00:00,-0.2938866014,9166.539959,23.77243625,9190.018508,4
2026-09-25T03:45:00+00:00,-0.2938866014,9166.539959,24.63261707,9190.878689,4
2026-09-25T04:00:00+00:00,-0.2938866014,9166.539959,28.64762585,9194.893698,4
2026-09-25T04:15:00+00:00,-0.2938866014,9166.539959,36.85859585,9203.104668,4
2026-09-25T04:30:00+00:00,-0.2938866014,9166.539959,48.969377,9215.215449,4
2026-09-25T04:45:00+00:00,-0.2938866014,9166.539959,33.6539371,9199.900009,4
2026-09-25T05:00:00+00:00,-0.2938866014,9166.539959,25.24327853,9191.489351,4
2026-09-25T05:15:00+00:00,1527.030657,7626.838605,33.86067541,9187.729938,3
2026-09-25T05:30:00+00:00,1527.030657,7626.838605,38.30470034,9192.173963,3
2026-09-25T05:45:00+00:00,0,9149.69664,33.21141191,9182.908052,4
2026-09-25T06:00:00+00:00,0,9149.69664,31.02882552,9180.725465,4
2026-09-25T06:15:00+00:00,0,9149.69664,33.37171559,9183.068356,4
2026-09-25T06:30:00+00:00,0,9149.69664,30.91479651,9180.611436,4
2026-09-25T06:45:00+00:00,0,9149.69664,35.11997606,9184.816616,4
2026-09-25T07:00:00+00:00,0,9149.69664,42.44728434,9192.143924,4
2026-09-25T07:15:00+00:00,0,9149.69664,46.54142756,9196.238068,4
2026-09-25T07:30:00+00:00,0,9149.69664,29.64614044,9179.34278,4
2026-09-25T07:45:00+00:00,0,9149.69664,51.82516583,9201.521806,4
2026-09-25T08:00:00+00:00,-0.04458740758,9149.69664,45.17957214,9194.831625,4
2026-09-25T08:15:00+00:00,-0.04458740758,9149.69664,76.87047631,9226.522529,4
2026-09-25T08:30:00+00:00,-0.04458740758,9149.69664,68.37192869,9218.023981,4
2026-09-25T08:45:00+00:00,-0.04458740758,9149.69664,77.67010453,9227.322157,4
2026-09-25T09:00:00+00:00,-0.04458740758,9149.69664,73.32035195,9222.972405,4
2026-09-25T09:15:00+00:00,-0.04458740758,9149.69664,93.72480675,9243.376859,4
2026-09-25T09:30:00+00:00,-0.04458740758,9149.69664,100.2510724,9249.903125,4
2026-09-25T09:45:00+00:00,-0.04458740758,9149.69664,96.96066167,9246.612714,4
2026-09-25T10:00:00+00:00,-0.04458740758,9149.69664,76.86568488,9226.517737,4
2026-09-25T10:15:00+00:00,-0.04458740758,9149.69664,88.75150408,9238.403557,4
2026-09-25T10:30:00+00:00,-0.04458740758,9149.69664,92.4282852,9242.080338,4
2026-09-25T10:45:00+00:00,-0.04458740758,9149.69664,89.89365736,9239.54571,4
2026-09-25T11:00:00+00:00,1415.396124,7626.838605,220.2491309,9262.48386,3
2026-09-25T11:15:00+00:00,1415.396124,7626.838605,236.2083059,9278.443035,3
2026-09-25T11:30:00+00:00,1415.396124,7626.838605,208.8736016,9251.108331,3
2026-09-25T11:45:00+00:00,0,9039.34873,213.3136207,9252.662351,4
2026-09-25T12:00:00+00:00,2413.056651,6804.847233,65.37053731,9283.274421,3
2026-09-25T12:15:00+00:00,2413.056651,6804.847233,60.23350556,9278.13739,3
2026-09-25T12:30:00+00:00,2413.056651,6804.847233,53.60718375,9271.511068,3
2026-09-25T12:45:00+00:00,0,9215.145913,52.10358565,9267.249499,4
2026-09-25T13:00:00+00:00,0,9215.145913,37.48634312,9252.632256,4
2026-09-25T13:15:00+00:00,0,9215.145913,19.69544655,9234.84136,4
2026-09-25T13:30:00+00:00,0,9215.145913,5.866854754,9221.012768,4
2026-09-25T13:45:00+00:00,0,9215.145913,0.02568055032,9215.171594,4
2026-09-25T14:00:00+00:00,0,9215.145913,-24.33772511,9190.808188,4
2026-09-25T14:15:00+00:00,0,9215.145913,-17.96849163,9197.177422,4
2026-09-25T14:30:00+00:00,0,9215.145913,-22.93213902,9192.213774,4
2026-09-25T14:45:00+00:00,0,9215.145913,10.94766279,9226.093576,4
2026-09-25T15:00:00+00:00,0,9215.145913,21.57164996,9236.717563,4
2026-09-25T15:15:00+00:00,0,9215.145913,-9.794640498,9205.351273,4
2026-09-25T15:30:00+00:00,0,9215.145913,-26.33076991,9188.815143,4
2026-09-25T15:45:00+00:00,0,9215.145913,-3.63349506,9211.512418,4
2026-09-25T16:00:00+00:00,-0.5551650415,9215.145913,4.781442978,9219.372191,4
2026-09-25T16:15:00+00:00,0,9244.766987,-26.20891031,9218.558076,4
2026-09-25T16:30:00+00:00,0,9244.766987,-23.43497419,9221.332013,4
2026-09-25T16:45:00+00:00,0,9244.766987,-27.21783723,9217.54915,4
2026-09-25T17:00:00+00:00,0,9244.766987,-28.78241329,9215.984573,4
2026-09-25T17:15:00+00:00,0,9244.766987,-26.70932261,9218.057664,4
2026-09-25T17:30:00+00:00,2448.040609,6834.468307,-59.35726675,9223.151649,3
2026-09-25T17:45:00+00:00,5818.775845,3438.900666,-37.78360353,9219.892908,2
2026-09-25T18:00:00+00:00,449.052902,8805.671885,-51.33843657,9203.386351,3
2026-09-25T18:15:00+00:00,449.052902,8805.671885,-50.10194237,9204.622845,3
2026-09-25T18:30:00+00:00,449.052902,8805.671885,-50.54347845,9204.181309,3
2026-09-25T18:45:00+00:00,449.052902,8805.671885,-49.67152761,9205.05326,3
2026-09-25T19:00:00+00:00,449.052902,8805.671885,-52.48950853,9202.235279,3
2026-09-25T19:15:00+00:00,449.052902,8805.671885,-49.46707448,9205.257713,3
2026-09-25T19:30:00+00:00,449.052902,8805.671885,-47.95060268,9206.774185,3
2026-09-25T19:45:00+00:00,0,9253.493278,-49.45365593,9204.039623,4
2026-09-25T20:00:00+00:00,0,9253.493278,-48.71204104,9204.781237,4
2026-09-25T20:15:00+00:00,0,9253.493278,-49.66259195,9203.830686,4
2026-09-25T20:30:00+00:00,0,9253.493278,-49.44242725,9204.050851,4
2026-09-25T20:45:00+00:00,0,9253.493278,-46.91600049,9206.577278,4
2026-09-25T21:00:00+00:00,0,9253.493278,-45.28533762,9208.207941,4
2026-09-25T21:15:00+00:00,0,9253.493278,-45.93746283,9207.555816,4
2026-09-25T21:30:00+00:00,0,9253.493278,-46.27213771,9207.221141,4
2026-09-25T21:45:00+00:00,0,9253.493278,-46.08364604,9207.409632,4
2026-09-25T22:00:00+00:00,0,9253.493278,-47.34457135,9206.148707,4
2026-09-25T22:15:00+00:00,0,9253.493278,-48.14495614,9205.348322,4
2026-09-25T22:30:00+00:00,0,9253.493278,-49.70104428,9203.792234,4
2026-09-25T22:45:00+00:00,0,9253.493278,-49.41628364,9204.076995,4
2026-09-25T23:00:00+00:00,0,9253.493278,-49.90540416,9203.587874,4
2026-09-25T23:15:00+00:00,0,9253.493278,-49.95389866,9203.53938,4
2026-09-25T23:30:00+00:00,0,9253.493278,-49.75714457,9203.736134,4
2026-09-25T23:45:00+00:00,0,9253.493278,-49.47482031,9204.018458,4
2026-09-26T00:00:00+00:00,0.03930905924,9253.493278,-49.48825213,9204.044335,4
2026-09-26T00:15:00+00:00,0,9253.53248,-48.2423193,9205.29016,5
2026-09-26T00:30:00+00:00,0,9253.53248,-47.52081681,9206.011663,5
2026-09-26T00:45:00+00:00,0,9253.53248,-48.15270284,9205.379777,5
2026-09-26T01:00:00+00:00,0,9253.53248,-48.69878007,9204.8337,5
2026-09-26T01:15:00+00:00,0,9253.53248,-48.42409534,9205.108384,5
2026-09-26T01:30:00+00:00,0,9253.53248,-49.90891027,9203.623569,5
2026-09-26T01:45:00+00:00,0,9253.53248,-49.45736312,9204.075117,5
2026-09-26T02:00:00+00:00,0,9253.53248,-50.28630749,9203.246172,5
2026-09-26T02:15:00+00:00,0,9253.53248,-49.4005308,9204.131949,5
2026-09-26T02:30:00+00:00,0,9253.53248,-49.12662219,9204.405858,5
2026-09-26T02:45:00+00:00,0,9253.53248,-48.82312644,9204.709353,5
2026-09-26T03:00:00+00:00,0,9253.53248,-47.92085534,9205.611624,5
2026-09-26T03:15:00+00:00,0,9253.53248,-48.63557853,9204.896901,5
2026-09-26T03:30:00+00:00,0,9253.53248,-48.07473197,9205.457748,5
2026-09-26T03:45:00+00:00,0,9253.53248,-47.9327023,9205.599777,5
2026-09-26T04:00:00+00:00,0,9253.53248,-48.24598115,9205.286499,5
2026-09-26T04:15:00+00:00,0,9253.53248,-47.28956557,9206.242914,5
2026-09-26T04:30:00+00:00,0,9253.53248,-48.12124785,9205.411232,5
2026-09-26T04:45:00+00:00,0,9253.53248,-48.36387148,9205.168608,5
2026-09-26T05:00:00+00:00,0,9253.53248,-47.79091809,9205.741562,5
2026-09-26T05:15:00+00:00,0,9253.53248,-47.6587967,9205.873683,5
2026-09-26T05:30:00+00:00,0,9253.53248,-47.93021014,9205.60227,5
2026-09-26T05:45:00+00:00,0,9253.53248,-47.28439918,9206.248081,5
2026-09-26T06:00:00+00:00,0,9253.53248,-46.80653237,9206.725947,5
2026-09-26T06:15:00+00:00,0,9253.53248,-46.7755315,9206.756948,5
2026-09-26T06:30:00+00:00,0,9253.53248,-46.99336947,9206.53911,5
2026-09-26T06:45:00+00:00,0,9253.53248,-46.94856124,9206.583918,5
2026-09-26T07:00:00+00:00,0,9253.53248,-48.53998774,9204.992492,5
2026-09-26T07:15:00+00:00,0,9253.53248,-48.30702584,9205.225454,5
2026-09-26T07:30:00+00:00,0,9253.53248,-48.22586909,9205.306611,5
2026-09-26T07:45:00+00:00,0,9253.53248,-48.5519732,9204.980507,5
2026-09-26T08:00:00+00:00,0.03356071408,9253.53248,-48.22921168,9205.336829,5
2026-09-26T08:15:00+00:00,0.03356071408,9253.53248,-48.36959469,9205.196446,5
2026-09-26T08:30:00+00:00,0.03356071408,9253.53248,-49.5844175,9203.981623,5
2026-09-26T08:45:00+00:00,0.03356071408,9253.53248,-48.48417998,9205.08186,5
2026-09-26T09:00:00+00:00,0.03356071408,9253.53248,-46.01780948,9207.548231,5
2026-09-26T09:15:00+00:00,0.03356071408,9253.53248,-45.80122061,9207.76482,5
2026-09-26T09:30:00+00:00,0.03356071408,9253.53248,-45.812609,9207.753431,5
2026-09-26T09:45:00+00:00,0.03356071408,9253.53248,-46.13082322,9207.435217,5
2026-09-26T10:00:00+00:00,0.03356071408,9253.53248,-47.41549901,9206.150541,5
2026-09-26T10:15:00+00:00,0.03356071408,9253.53248,-47.87084128,9205.695199,5
2026-09-26T10:30:00+00:00,0.03356071408,9253.53248,-47.76084466,9205.805196,5
2026-09-26T10:45:00+00:00,0.03356071408,9253.53248,-47.82671172,9205.739329,5
2026-09-26T11:00:00+00:00,0.03356071408,9253.53248,-48.01314334,9205.552897,5
2026-09-26T11:15:00+00:00,0.03356071408,9253.53248,-48.19822112,9205.367819,5
2026-09-26T11:30:00+00:00,0.03356071408,9253.53248,-48.85506017,9204.71098,5
2026-09-26T11:45:00+00:00,0.03356071408,9253.53248,-48.48855254,9205.077488,5
2026-09-26T12:00:00+00:00,0.03356071408,9253.53248,-48.4435979,9205.122443,5
2026-09-26T12:15:00+00:00,0.03356071408,9253.53248,-48.72254013,9204.8435,5
2026-09-26T12:30:00+00:00,0.03356071408,9253.53248,-47.69381584,9205.872225,5
2026-09-26T12:45:00+00:00,0.03356071408,9253.53248,-48.18536894,9205.380671,5
2026-09-26T13:00:00+00:00,5353.613161,3886.76126,-44.92095534,9195.453466,4
2026-09-26T13:15:00+00:00,6716.313649,2474.251135,0.6310451363,9191.19583,3
2026-09-26T13:30:00+00:00,6716.313649,2474.251135,0.8990476961,9191.463832,3
2026-09-26T13:45:00+00:00,6716.313649,2474.251135,0.1439805626,9190.708765,3
2026-09-26T14:00:00+00:00,3500.952074,5687.845234,-9.324947966,9179.47236,4
2026-09-26T14:15:00+00:00,1014.120114,8173.310188,4.296675471,9191.726978,5
2026-09-26T14:30:00+00:00,1014.120114,8173.310188,-18.60267489,9168.827627,5
2026-09-26T14:45:00+00:00,1014.120114,8173.310188,-46.11287899,9141.317423,5
2026-09-26T15:00:00+00:00,1014.120114,8173.310188,-61.45565867,9125.974644,5
2026-09-26T15:15:00+00:00,1014.120114,8173.310188,-102.8279149,9084.602387,5
2026-09-26T15:30:00+00:00,1014.120114,8173.310188,-94.16219723,9093.268105,5
2026-09-26T15:45:00+00:00,1014.120114,8173.310188,-97.19076211,9090.23954,5
2026-09-26T16:00:00+00:00,1014.585312,8173.310188,-75.28781626,9112.607684,5
2026-09-26T16:15:00+00:00,1014.585312,8173.310188,-56.57163731,9131.323863,5
2026-09-26T16:30:00+00:00,1014.585312,8173.310188,-56.74632374,9131.149177,5
2026-09-26T16:45:00+00:00,1014.585312,8173.310188,-54.26532176,9133.630179,5
2026-09-26T17:00:00+00:00,1014.585312,8173.310188,-20.33118858,9167.564312,5
2026-09-26T17:15:00+00:00,1014.585312,8173.310188,-20.99760168,9166.897899,5
2026-09-26T17:30:00+00:00,0.03500771497,9178.750528,-22.94854908,9155.836986,4
2026-09-26T17:45:00+00:00,2025.586954,7152.359987,-19.18069499,9158.766245,3
2026-09-26T18:00:00+00:00,2025.586954,7152.359987,-23.96755077,9153.97939,3
2026-09-26T18:15:00+00:00,2025.586954,7152.359987,-19.92173381,9158.025207,3
2026-09-26T18:30:00+00:00,0,9174.772362,-18.93441573,9155.837946,4
2026-09-26T18:45:00+00:00,0,9174.772362,-27.32406972,9147.448292,4
2026-09-26T19:00:00+00:00,0,9174.772362,-21.67387272,9153.098489,4
2026-09-26T19:15:00+00:00,0,9174.772362,-14.22885304,9160.543509,4
2026-09-26T19:30:00+00:00,0,9174.772362,-12.71441883,9162.057943,4
2026-09-26T19:45:00+00:00,0,9174.772362,-10.47109362,9164.301268,4
2026-09-26T20:00:00+00:00,0,9174.772362,4.963049785,9179.735412,4
2026-09-26T20:15:00+00:00,0,9174.772362,21.92770135,9196.700063,4
2026-09-26T20:30:00+00:00,1356.772987,7721.471428,129.7591706,9208.003586,3
2026-09-26T20:45:00+00:00,1356.772987,7721.471428,100.0362519,9178.280667,3
2026-09-26T21:00:00+00:00,1356.772987,7721.471428,102.0999264,9180.344342,3
2026-09-26T21:15:00+00:00,0,9076.733458,76.83904292,9153.572501,4
2026-09-26T21:30:00+00:00,0,9076.733458,88.92171964,9165.655177,4
2026-09-26T21:45:00+00:00,0,9076.733458,83.43372732,9160.167185,4
2026-09-26T22:00:00+00:00,0,9076.733458,77.16397475,9153.897432,4
2026-09-26T22:15:00+00:00,0,9076.733458,71.79749088,9148.530948,4
2026-09-26T22:30:00+00:00,0,9076.733458,73.7872028,9150.52066,4
2026-09-26T22:45:00+00:00,0,9076.733458,72.1194058,9148.852863,4
2026-09-26T23:00:00+00:00,0,9076.733458,43.13688437,9119.870342,4
2026-09-26T23:15:00+00:00,0,9076.733458,39.87195712,9116.605415,4
2026-09-26T23:30:00+00:00,0,9076.733458,30.73308908,9107.466547,4
2026-09-26T23:45:00+00:00,0,9076.733458,27.67741507,9104.410873,4
2026-09-27T00:00:00+00:00,0,9076.992693,54.59182049,9131.584514,5
2026-09-27T00:15:00+00:00,0,9076.992693,33.18166695,9110.17436,5
2026-09-27T00:30:00+00:00,0,9076.992693,37.93888337,9114.931577,5
2026-09-27T00:45:00+00:00,0,9076.992693,64.83329072,9141.825984,5
2026-09-27T01:00:00+00:00,0,9076.992693,63.44513039,9140.437824,5
2026-09-27T01:15:00+00:00,0,9076.992693,97.455221,9174.447914,5
2026-09-27T01:30:00+00:00,0,9076.992693,84.38822403,9161.380917,5
2026-09-27T01:45:00+00:00,0,9076.992693,65.74421894,9142.736912,5
2026-09-27T02:00:00+00:00,0,9076.992693,64.13822449,9141.130918,5
2026-09-27T02:15:00+00:00,0,9076.992693,68.71072013,9145.703413,5
2026-09-27T02:30:00+00:00,0,9076.992693,74.98334636,9151.97604,5
2026-09-27T02:45:00+00:00,0,9076.992693,75.33651747,9152.329211,5
2026-09-27T03:00:00+00:00,0,9076.992693,68.4865554,9145.479249,5
2026-09-27T03:15:00+00:00,0,9076.992693,74.37868033,9151.371374,5
2026-09-27T03:30:00+00:00,0,9076.992693,69.06894582,9146.061639,5
2026-09-27T03:45:00+00:00,0,9076.992693,79.00477112,9155.997464,5
2026-09-27T04:00:00+00:00,0,9076.992693,71.65198657,9148.64468,5
2026-09-27T04:15:00+00:00,0,9076.992693,89.0522363,9166.044929,5
2026-09-27T04:30:00+00:00,0,9076.992693,97.61949519,9174.612188,5
2026-09-27T04:45:00+00:00,0,9076.992693,95.99313339,9172.985827,5
2026-09-27T05:00:00+00:00,0,9076.992693,60.31666067,9137.309354,5
2026-09-27T05:15:00+00:00,0,9076.992693,60.12434819,9137.117041,5
2026-09-27T05:30:00+00:00,0,9076.992693,41.34046361,9118.333157,5
2026-09-27T05:45:00+00:00,0,9076.992693,25.58273278,9102.575426,5
2026-09-27T06:00:00+00:00,0,9076.992693,-8.121031347,9068.871662,5
2026-09-27T06:15:00+00:00,0,9076.992693,-38.52606581,9038.466627,5
2026-09-27T06:30:00+00:00,0,9076.992693,-41.92269962,9035.069994,5
2026-09-27T06:45:00+00:00,0,9076.992693,-39.69265309,9037.30004,5
2026-09-27T07:00:00+00:00,0,9076.992693,-50.89873251,9026.093961,5
2026-09-27T07:15:00+00:00,1257.716461,7721.730664,-8.427309608,8971.019815,4
2026-09-27T07:30:00+00:00,1257.716461,7721.730664,20.09719665,8999.544321,4
2026-09-27T07:45:00+00:00,1257.716461,7721.730664,71.94840857,9051.395533,4
2026-09-27T08:00:00+00:00,1257.698819,7721.730664,95.98383261,9075.413316,4
2026-09-27T08:15:00+00:00,1257.698819,7721.730664,101.3744348,9080.803918,4
2026-09-27T08:30:00+00:00,0,8977.196028,117.7068282,9094.902856,5
2026-09-27T08:45:00+00:00,0,8977.196028,120.8342411,9098.030269,5
2026-09-27T09:00:00+00:00,0,8977.196028,114.8140734,9092.010101,5
2026-09-27T09:15:00+00:00,0,8977.196028,118.594355,9095.790383,5
2026-09-27T09:30:00+00:00,0,8977.196028,107.3731116,9084.569139,5
2026-09-27T09:45:00+00:00,0,8977.196028,140.8416488,9118.037677,5
2026-09-27T10:00:00+00:00,0,8977.196028,137.8730149,9115.069043,5
2026-09-27T10:15:00+00:00,0,8977.196028,114.2887902,9091.484818,5
2026-09-27T10:30:00+00:00,0,8977.196028,103.9468238,9081.142851,5
2026-09-27T10:45:00+00:00,0,8977.196028,108.3529798,9085.549007,5
2026-09-27T11:00:00+00:00,0,8977.196028,95.5726747,9072.768702,5
2026-09-27T11:15:00+00:00,0,8977.196028,73.74151086,9050.937539,5
2026-09-27T11:30:00+00:00,0,8977.196028,80.66915253,9057.86518,5
2026-09-27T11:45:00+00:00,0,8977.196028,58.6165551,9035.812583,5
2026-09-27T12:00:00+00:00,0,8977.196028,58.56765655,9035.763684,5
2026-09-27T12:15:00+00:00,2388.384723,6491.731073,116.3064364,8996.422232,4
2026-09-27T12:30:00+00:00,2388.384723,6491.731073,108.5299755,8988.645771,4
2026-09-27T12:45:00+00:00,2388.384723,6491.731073,93.88302036,8973.998816,4
2026-09-27T13:00:00+00:00,2388.384723,6491.731073,45.55067265,8925.666468,4
2026-09-27T13:15:00+00:00,2388.384723,6491.731073,63.37231683,8943.488112,4
2026-09-27T13:30:00+00:00,2388.384723,6491.731073,51.2829789,8931.398775,4
2026-09-27T13:45:00+00:00,2388.384723,6491.731073,71.87155155,8951.987347,4
2026-09-27T14:00:00+00:00,2388.384723,6491.731073,68.39826552,8948.514061,4
2026-09-27T14:15:00+00:00,184.2666374,8694.63756,19.01730439,8897.921501,5
2026-09-27T14:30:00+00:00,184.2666374,8694.63756,17.48439823,8896.388595,5
2026-09-27T14:45:00+00:00,184.2666374,8694.63756,19.38995241,8898.294149,5
2026-09-27T15:00:00+00:00,184.2666374,8694.63756,13.05150608,8891.955703,5
2026-09-27T15:15:00+00:00,987.1010975,7920.735116,46.65411729,8954.490331,5
2026-09-27T15:30:00+00:00,987.1010975,7920.735116,19.44450625,8927.28072,5
2026-09-27T15:45:00+00:00,987.1010975,7920.735116,37.76538674,8945.601601,5
2026-09-27T16:00:00+00:00,986.9792857,7920.735116,71.3092969,8979.023699,5
2026-09-27T16:15:00+00:00,986.9792857,7920.735116,59.31306178,8967.027464,5
2026-09-27T16:30:00+00:00,986.9792857,7920.735116,62.88496714,8970.599369,5
2026-09-27T16:45:00+00:00,986.9792857,7920.735116,58.60953251,8966.323934,5
2026-09-27T17:00:00+00:00,986.9792857,7920.735116,69.29141776,8977.00582,5
2026-09-27T17:15:00+00:00,986.9792857,7920.735116,53.36967245,8961.084074,5
2026-09-27T17:30:00+00:00,986.9792857,7920.735116,53.28426369,8960.998666,5
2026-09-27T17:45:00+00:00,986.9792857,7920.735116,52.41741282,8960.131815,5
2026-09-27T18:00:00+00:00,986.9792857,7920.735116,61.58065112,8969.295053,5
2026-09-27T18:15:00+00:00,986.9792857,7920.735116,95.66650902,9003.380911,5
2026-09-27T18:30:00+00:00,986.9792857,7920.735116,91.83381666,8999.548219,5
2026-09-27T18:45:00+00:00,986.9792857,7920.735116,100.5671934,9008.281595,5
2026-09-27T19:00:00+00:00,986.9792857,7920.735116,89.55896174,8997.273364,5
2026-09-27T19:15:00+00:00,986.9792857,7920.735116,61.88123206,8969.595634,5
2026-09-27T19:30:00+00:00,986.9792857,7920.735116,64.4319694,8972.146371,5
2026-09-27T19:45:00+00:00,0,8980.933265,-21.59706051,8959.336204,5
2026-09-27T20:00:00+00:00,0,8980.933265,-15.5289961,8965.404269,5
2026-09-27T20:15:00+00:00,0,8980.933265,-28.11098605,8952.822279,5
2026-09-27T20:30:00+00:00,0,8980.933265,-15.14769135,8965.785573,5
2026-09-27T20:45:00+00:00,0,8980.933265,-17.72332589,8963.209939,5
2026-09-27T21:00:00+00:00,0,8980.933265,-5.296525935,8975.636739,5
2026-09-27T21:15:00+00:00,0,8980.933265,-1.297299722,8979.635965,5
2026-09-27T21:30:00+00:00,0,8980.933265,-6.030439952,8974.902825,5
2026-09-27T21:45:00+00:00,0,8980.933265,10.1546042,8991.087869,5
2026-09-27T22:00:00+00:00,1160.66124,7725.467901,58.21406026,8944.343201,4
2026-09-27T22:15:00+00:00,1160.66124,7725.467901,54.82255523,8940.951695,4
2026-09-27T22:30:00+00:00,1160.66124,7725.467901,53.25925393,8939.388394,4
2026-09-27T22:45:00+00:00,1160.66124,7725.467901,57.37076038,8943.499901,4
2026-09-27T23:00:00+00:00,1160.66124,7725.467901,51.62906371,8937.758204,4
2026-09-27T23:15:00+00:00,0,8884.904981,27.40246379,8912.307445,5
2026-09-27T23:30:00+00:00,0,8884.904981,22.00572584,8906.910707,5
2026-09-27T23:45:00+00:00,0,8884.904981,-4.408784372,8880.496197,5
2026-09-28T00:00:00+00:00,0.04461377155,8884.904981,6.927156005,8891.876751,5
2026-09-28T00:15:00+00:00,0.04461377155,8884.904981,-19.94821597,8865.001379,5
2026-09-28T00:30:00+00:00,0.04461377155,8884.904981,14.81906386,8899.768659,5
2026-09-28T00:45:00+00:00,0.04461377155,8884.904981,14.67056273,8899.620158,5
2026-09-28T01:00:00+00:00,0.04461377155,8884.904981,22.76153521,8907.71113,5
2026-09-28T01:15:00+00:00,2455.837822,6445.213327,-4.067175935,8896.983973,4
2026-09-28T01:30:00+00:00,2456.102574,6444.954091,19.88993667,8920.946602,3
2026-09-28T01:45:00+00:00,2456.102574,6444.954091,45.40426937,8946.460934,3
2026-09-28T02:00:00+00:00,2456.102574,6444.954091,35.89321612,8936.949881,3
2026-09-28T02:15:00+00:00,2456.102574,6444.954091,35.821277,8936.877942,3
2026-09-28T02:30:00+00:00,2456.102574,6444.954091,36.50000488,8937.55667,3
2026-09-28T02:45:00+00:00,2456.102574,6444.954091,37.54259756,8938.599263,3
2026-09-28T03:00:00+00:00,2456.102574,6444.954091,42.41254894,8943.469214,3
2026-09-28T03:15:00+00:00,2456.102574,6444.954091,60.11316924,8961.169834,3
2026-09-28T03:30:00+00:00,800.1520542,8099.994339,50.68832072,8950.834714,4
2026-09-28T03:45:00+00:00,800.1520542,8099.994339,62.91513648,8963.061529,4
2026-09-28T04:00:00+00:00,3789.513585,5017.383815,151.1176902,8958.01509,3
2026-09-28T04:15:00+00:00,3789.513585,5017.383815,128.5331133,8935.430513,3
2026-09-28T04:30:00+00:00,3789.513585,5017.383815,137.9524506,8944.84985,3
2026-09-28T04:45:00+00:00,3789.513585,5017.383815,131.4950906,8938.39249,3
2026-09-28T05:00:00+00:00,3789.513585,5017.383815,178.7136361,8985.611036,3
2026-09-28T05:15:00+00:00,3789.513585,5017.383815,203.7074318,9010.604832,3
2026-09-28T05:30:00+00:00,3789.513585,5017.383815,193.3986437,9000.296043,3
2026-09-28T05:45:00+00:00,3789.513585,5017.383815,195.0763084,9001.973708,3
2026-09-28T06:00:00+00:00,3789.513585,5017.383815,194.1961799,9001.09358,3
2026-09-28T06:15:00+00:00,3789.513585,5017.383815,247.8324958,9054.729896,3
2026-09-28T06:30:00+00:00,3789.513585,5017.383815,231.350715,9038.248115,3
2026-09-28T06:45:00+00:00,3789.513585,5017.383815,246.3713019,9053.268702,3
2026-09-28T07:00:00+00:00,3789.513585,5017.383815,243.8161034,9050.713503,3
2026-09-28T07:15:00+00:00,6166.889936,2814.477328,105.8171077,9087.184373,2
2026-09-28T07:30:00+00:00,6166.889936,2814.477328,108.6399889,9090.007254,2
2026-09-28T07:45:00+00:00,6166.889936,2814.477328,115.6922915,9097.059556,2
2026-09-28T08:00:00+00:00,6167.103448,2814.477328,85.36641034,9066.947187,2
2026-09-28T08:15:00+00:00,6167.103448,2814.477328,93.2990256,9074.879802,2
2026-09-28T08:30:00+00:00,6167.103448,2814.477328,97.88057202,9079.461349,2
2026-09-28T08:45:00+00:00,6167.103448,2814.477328,84.12613177,9065.706908,2
2026-09-28T09:00:00+00:00,6167.103448,2814.477328,91.53055941,9073.111336,2
2026-09-28T09:15:00+00:00,6167.103448,2814.477328,92.05678683,9073.637563,2
2026-09-28T09:30:00+00:00,6167.103448,2814.477328,117.2709737,9098.85175,2
2026-09-28T09:45:00+00:00,6167.103448,2814.477328,113.56974,9095.150517,2
2026-09-28T10:00:00+00:00,6167.103448,2814.477328,97.70450948,9079.285286,2
2026-09-28T10:15:00+00:00,6167.103448,2814.477328,86.77099025,9068.351767,2
2026-09-28T10:30:00+00:00,6167.103448,2814.477328,66.49243506,9048.073212,2
2026-09-28T10:45:00+00:00,6167.103448,2814.477328,80.59704019,9062.177817,2
2026-09-28T11:00:00+00:00,6167.103448,2814.477328,80.59900039,9062.179777,2
2026-09-28T11:15:00+00:00,6167.103448,2814.477328,75.48730615,9057.068083,2
2026-09-28T11:30:00+00:00,6167.103448,2814.477328,73.72472056,9055.305497,2
2026-09-28T11:45:00+00:00,6167.103448,2814.477328,72.48836239,9054.069139,2
2026-09-28T12:00:00+00:00,6167.103448,2814.477328,19.23318699,9000.813964,2
2026-09-28T12:15:00+00:00,6167.103448,2814.477328,2.297859848,8983.878636,2
2026-09-28T12:30:00+00:00,6167.103448,2814.477328,3.354235084,8984.935012,2
2026-09-28T12:45:00+00:00,1037.338131,7941.422826,12.97979288,8991.740749,3
2026-09-28T13:00:00+00:00,1037.338131,7941.422826,28.03340604,9006.794363,3
2026-09-28T13:15:00+00:00,1037.338131,7941.422826,39.32160283,9018.082559,3
2026-09-28T13:30:00+00:00,1037.338131,7941.422826,38.93302733,9017.693984,3
2026-09-28T13:45:00+00:00,1037.338131,7941.422826,50.32191178,9029.082868,3
2026-09-28T14:00:00+00:00,1037.338131,7941.422826,67.93332858,9046.694285,3
2026-09-28T14:15:00+00:00,0,8977.866384,65.13384524,9043.000229,4
2026-09-28T14:30:00+00:00,0,8977.866384,48.85363318,9026.720017,4
2026-09-28T14:45:00+00:00,0,8977.866384,61.69538711,9039.561771,4
2026-09-28T15:00:00+00:00,0,8977.866384,32.40179381,9010.268178,4
2026-09-28T15:15:00+00:00,944.4421415,7941.422826,89.40422721,8975.269195,3
2026-09-28T15:30:00+00:00,944.4421415,7941.422826,87.21489337,8973.079861,3
2026-09-28T15:45:00+00:00,1.136868377e-13,8884.859799,70.82968839,8955.689487,4
2026-09-28T16:00:00+00:00,-0.05104579207,8884.859799,61.85746788,8946.666221,4
2026-09-28T16:15:00+00:00,-0.05104579207,8884.859799,13.66878796,8898.477541,4
2026-09-28T16:30:00+00:00,-0.05104579207,8884.859799,48.06621141,8932.874964,4
2026-09-28T16:45:00+00:00,-0.05104579207,8884.859799,48.56862763,8933.37738,4
2026-09-28T17:00:00+00:00,-0.05104579207,8884.859799,38.90394095,8923.712694,4
2026-09-28T17:15:00+00:00,-0.05104579207,8884.859799,45.66580474,8930.474558,4
2026-09-28T17:30:00+00:00,-0.05104579207,8884.859799,40.25263502,8925.061388,4
2026-09-28T17:45:00+00:00,-0.05104579207,8884.859799,30.94666684,8915.75542,4
2026-09-28T18:00:00+00:00,-0.05104579207,8884.859799,8.3536719,8893.162425,4
2026-09-28T18:15:00+00:00,-0.05104579207,8884.859799,16.87082995,8901.679583,4
2026-09-28T18:30:00+00:00,-0.05104579207,8884.859799,12.7290677,8897.537821,4
2026-09-28T18:45:00+00:00,-0.05104579207,8884.859799,20.01649722,8904.82525,4
2026-09-28T19:00:00+00:00,-0.05104579207,8884.859799,47.67229,8932.481043,4
2026-09-28T19:15:00+00:00,-0.05104579207,8884.859799,56.98795129,8941.796704,4
2026-09-28T19:30:00+00:00,-0.05104579207,8884.859799,78.8214363,8963.630189,4
2026-09-28T19:45:00+00:00,-0.05104579207,8884.859799,87.7255386,8972.534291,4
2026-09-28T20:00:00+00:00,-0.05104579207,8884.859799,77.18965715,8961.99841,4
2026-09-28T20:15:00+00:00,-0.05104579207,8884.859799,56.17945023,8940.988203,4
2026-09-28T20:30:00+00:00,-0.05104579207,8884.859799,64.1655457,8948.974299,4
2026-09-28T20:45:00+00:00,-0.05104579207,8884.859799,57.01769644,8941.826449,4
2026-09-28T21:00:00+00:00,-0.05104579207,8884.859799,65.53232596,8950.341079,4
2026-09-28T21:15:00+00:00,-0.05104579207,8884.859799,70.28378588,8955.092539,4
2026-09-28T21:30:00+00:00,-0.05104579207,8884.859799,79.09291166,8963.901664,4
2026-09-28T21:45:00+00:00,-0.05104579207,8884.859799,86.09810907,8970.906862,4
2026-09-28T22:00:00+00:00,-0.05104579207,8884.859799,102.078129,8986.886882,4
2026-09-28T22:15:00+00:00,-0.05104579207,8884.859799,99.58870582,8984.397459,4
2026-09-28T22:30:00+00:00,-0.05104579207,8884.859799,80.18095448,8964.989707,4
2026-09-28T22:45:00+00:00,-0.05104579207,8884.859799,80.45891838,8965.267671,4
2026-09-28T23:00:00+00:00,-0.05104579207,8884.859799,81.15490105,8965.963654,4
2026-09-28T23:15:00+00:00,-0.05104579207,8884.859799,61.2162087,8946.024962,4
2026-09-28T23:30:00+00:00,-0.05104579207,8884.859799,65.87619378,8950.684947,4
2026-09-28T23:45:00+00:00,-0.05104579207,8884.859799,53.96047938,8938.769232,4
2026-09-29T00:00:00+00:00,0,8884.900024,39.46396169,8924.363985,5
2026-09-29T00:15:00+00:00,0,8884.900024,40.18173454,8925.081758,5
2026-09-29T00:30:00+00:00,2.273736754e-13,8916.805292,3.421053106,8920.226346,5
2026-09-29T00:45:00+00:00,2.273736754e-13,8916.805292,-27.18857957,8889.616713,5
2026-09-29T01:00:00+00:00,2.273736754e-13,8916.805292,-44.74887419,8872.056418,5
2026-09-29T01:15:00+00:00,2.273736754e-13,8916.805292,-75.2877047,8841.517588,5
2026-09-29T01:30:00+00:00,1097.439976,7725.422718,12.95771299,8835.820407,3
2026-09-29T01:45:00+00:00,0,8821.989308,4.555330146,8826.544638,4
2026-09-29T02:00:00+00:00,0,8821.989308,17.78886336,8839.778171,4
2026-09-29T02:15:00+00:00,0,8821.989308,29.73675472,8851.726063,4
2026-09-29T02:30:00+00:00,0,8821.989308,25.87842343,8847.867731,4
2026-09-29T02:45:00+00:00,0,8821.989308,28.54935972,8850.538668,4
2026-09-29T03:00:00+00:00,0,8821.989308,33.9818546,8855.971162,4
2026-09-29T03:15:00+00:00,0,8821.989308,-6.913440953,8815.075867,4
2026-09-29T03:30:00+00:00,0,8821.989308,-10.54114091,8811.448167,4
2026-09-29T03:45:00+00:00,0,8821.989308,-4.026622263,8817.962686,4
2026-09-29T04:00:00+00:00,0,8821.989308,10.98468895,8832.973997,4
2026-09-29T04:15:00+00:00,0,8821.989308,-1.532369307,8820.456939,4
2026-09-29T04:30:00+00:00,0,8821.989308,2.533056066,8824.522364,4
2026-09-29T04:45:00+00:00,134.8707172,8702.741579,-14.0705517,8823.541744,4
2026-09-29T05:00:00+00:00,134.8707172,8702.741579,-29.28533565,8808.32696,4
2026-09-29T05:15:00+00:00,134.8707172,8702.741579,-36.9480295,8800.664266,4
2026-09-29T05:30:00+00:00,134.8707172,8702.741579,-40.74855029,8796.863746,4
2026-09-29T05:45:00+00:00,134.8707172,8702.741579,-41.45968958,8796.152606,4
2026-09-29T06:00:00+00:00,134.8707172,8702.741579,-46.08106656,8791.531229,4
2026-09-29T06:15:00+00:00,134.8707172,8702.741579,-16.97857855,8820.633717,4
2026-09-29T06:30:00+00:00,134.8707172,8702.741579,-21.83385158,8815.778444,4
2026-09-29T06:45:00+00:00,-2.842170943e-14,8837.242419,-22.58204466,8814.660374,5
2026-09-29T07:00:00+00:00,-2.842170943e-14,8837.242419,-30.08234077,8807.160078,5
2026-09-29T07:15:00+00:00,-2.842170943e-14,8837.242419,-22.87672519,8814.365693,5
2026-09-29T07:30:00+00:00,-2.842170943e-14,8837.242419,-36.50351285,8800.738906,5
2026-09-29T07:45:00+00:00,-2.842170943e-14,8837.242419,-39.39813565,8797.844283,5
2026-09-29T08:00:00+00:00,-0.3686035026,8837.242419,-20.90550046,8815.968315,5
2026-09-29T08:15:00+00:00,-0.3686035026,8837.242419,-36.79665195,8800.077163,5
2026-09-29T08:30:00+00:00,-0.3686035026,8837.242419,-26.04856144,8810.825254,5
2026-09-29T08:45:00+00:00,-0.3686035026,8837.242419,-55.63256539,8781.24125,5
2026-09-29T09:00:00+00:00,-0.3686035026,8837.242419,-67.39851037,8769.475305,5
2026-09-29T09:15:00+00:00,-0.3686035026,8837.242419,-67.33407975,8769.539735,5
2026-09-29T09:30:00+00:00,-0.3686035026,8837.242419,-78.43110657,8758.442709,5
2026-09-29T09:45:00+00:00,-0.3686035026,8837.242419,-64.51693685,8772.356878,5
2026-09-29T10:00:00+00:00,1443.860122,7301.4499,12.79248035,8758.102503,4
2026-09-29T10:15:00+00:00,1443.860122,7301.4499,4.522808113,8749.832831,4
2026-09-29T10:30:00+00:00,1443.860122,7301.4499,16.07963285,8761.389655,4
2026-09-29T10:45:00+00:00,1443.860122,7301.4499,9.218400915,8754.528423,4
2026-09-29T11:00:00+00:00,1443.860122,7301.4499,11.63479451,8756.944817,4
2026-09-29T11:15:00+00:00,1443.860122,7301.4499,13.73609,8759.046113,4
2026-09-29T11:30:00+00:00,1443.860122,7301.4499,-8.801838792,8736.508184,4
2026-09-29T11:45:00+00:00,2448.703061,6204.88331,71.23903372,8724.825405,3
2026-09-29T12:00:00+00:00,2448.703061,6204.88331,71.30690628,8724.893278,3
2026-09-29T12:15:00+00:00,2448.703061,6204.88331,82.23754294,8735.823914,3
2026-09-29T12:30:00+00:00,2448.703061,6204.88331,43.60450409,8697.190876,3
2026-09-29T12:45:00+00:00,2448.703061,6204.88331,46.82326575,8700.409637,3
2026-09-29T13:00:00+00:00,2448.703061,6204.88331,49.01200148,8702.598373,3
2026-09-29T13:15:00+00:00,2448.703061,6204.88331,51.97750027,8705.563872,3
2026-09-29T13:30:00+00:00,2448.703061,6204.88331,24.16025661,8677.746628,3
2026-09-29T13:45:00+00:00,2448.703061,6204.88331,27.87456735,8681.460939,3
2026-09-29T14:00:00+00:00,7659.153461,1077.937813,-60.92861664,8676.162657,2
2026-09-29T14:15:00+00:00,7659.153461,1077.937813,-60.77852582,8676.312748,2
2026-09-29T14:30:00+00:00,7659.153461,1077.937813,-70.96725957,8666.124014,2
2026-09-29T14:45:00+00:00,1787.363033,6946.500531,-55.93692011,8677.926644,3
2026-09-29T15:00:00+00:00,1787.363033,6946.500531,-8.117797712,8725.745766,3
2026-09-29T15:15:00+00:00,1787.363033,6946.500531,42.35547739,8776.219042,3
2026-09-29T15:30:00+00:00,1787.363033,6946.500531,32.15134918,8766.014913,3
2026-09-29T15:45:00+00:00,1787.363033,6946.500531,45.75224139,8779.615806,3
2026-09-29T16:00:00+00:00,1787.938076,6946.500531,33.82339088,8768.261998,3
2026-09-29T16:15:00+00:00,1787.938076,6946.500531,26.59651756,8761.035124,3
2026-09-29T16:30:00+00:00,0,8733.011126,90.76538622,8823.776512,4
2026-09-29T16:45:00+00:00,0,8733.011126,92.13772363,8825.14885,4
2026-09-29T17:00:00+00:00,946.3768698,7789.574154,79.06362889,8815.014652,3
2026-09-29T17:15:00+00:00,946.3768698,7789.574154,90.44116067,8826.392184,3
2026-09-29T17:30:00+00:00,946.3768698,7789.574154,99.51433669,8835.46536,3
2026-09-29T17:45:00+00:00,946.3768698,7789.574154,108.2168762,8844.1679,3
2026-09-29T18:00:00+00:00,946.3768698,7789.574154,73.4151314,8809.366155,3
2026-09-29T18:15:00+00:00,946.3768698,7789.574154,70.97494195,8806.925965,3
2026-09-29T18:30:00+00:00,1.136868377e-13,8735.102147,35.27633021,8770.378477,4
2026-09-29T18:45:00+00:00,1.136868377e-13,8735.102147,40.38347755,8775.485625,4
2026-09-29T19:00:00+00:00,1.136868377e-13,8735.102147,31.9542835,8767.056431,4
2026-09-29T19:15:00+00:00,1.136868377e-13,8735.102147,30.22634732,8765.328495,4
2026-09-29T19:30:00+00:00,0,8735.102147,57.48964126,8792.591788,5
2026-09-29T19:45:00+00:00,0,8735.102147,43.15661076,8778.258758,5
2026-09-29T20:00:00+00:00,0,8735.102147,28.21119287,8763.31334,5
2026-09-29T20:15:00+00:00,0,8735.102147,10.49115315,8745.5933,5
2026-09-29T20:30:00+00:00,0,8735.102147,4.457106957,8739.559254,5
2026-09-29T20:45:00+00:00,0,8735.102147,-0.522453935,8734.579693,5
2026-09-29T21:00:00+00:00,0,8735.102147,-14.9467023,8720.155445,5
2026-09-29T21:15:00+00:00,0,8735.102147,21.47316406,8756.575311,5
2026-09-29T21:30:00+00:00,0,8735.102147,21.70992808,8756.812075,5
2026-09-29T21:45:00+00:00,0,8735.102147,10.91507849,8746.017226,5
2026-09-29T22:00:00+00:00,0,8735.102147,-23.04120267,8712.060945,5
2026-09-29T22:15:00+00:00,0,8735.102147,-5.335010726,8729.767136,5
2026-09-29T22:30:00+00:00,0,8735.102147,-3.940656973,8731.16149,5
2026-09-29T22:45:00+00:00,0,8735.102147,-2.587445791,8732.514701,5
2026-09-29T23:00:00+00:00,0,8735.102147,-38.97155723,8696.13059,5
2026-09-29T23:15:00+00:00,0,8735.102147,-17.07689297,8718.025254,5
2026-09-29T23:30:00+00:00,0,8735.102147,15.16811255,8750.27026,5
2026-09-29T23:45:00+00:00,0,8735.102147,-3.116862551,8731.985285,5
2026-09-30T00:00:00+00:00,0.01113606241,8735.102147,13.2116596,8748.324943,5
2026-09-30T00:15:00+00:00,0.01113606241,8735.102147,-2.32185154,8732.791432,5
2026-09-30T00:30:00+00:00,0.01113606241,8735.102147,3.189087331,8738.302371,5
2026-09-30T00:45:00+00:00,0.01113606241,8735.102147,-7.173613094,8727.93967,5
2026-09-30T01:00:00+00:00,0.01113606241,8735.102147,-23.33489484,8711.778388,5
2026-09-30T01:15:00+00:00,0.01113606241,8735.102147,-9.52499508,8725.588288,5
2026-09-30T01:30:00+00:00,0.01113606241,8735.102147,-17.24737033,8717.865913,5
2026-09-30T01:45:00+00:00,0.01113606241,8735.102147,-15.3238127,8719.789471,5
2026-09-30T02:00:00+00:00,0.01113606241,8735.102147,-27.04296126,8708.070322,5
2026-09-30T02:15:00+00:00,0.01113606241,8735.102147,-15.42408095,8719.689202,5
2026-09-30T02:30:00+00:00,0.01113606241,8735.102147,-30.62618377,8704.4871,5
2026-09-30T02:45:00+00:00,0.01113606241,8735.102147,-37.14373017,8697.969553,5
2026-09-30T03:00:00+00:00,0.01113606241,8735.102147,-24.16367455,8710.949609,5
2026-09-30T03:15:00+00:00,0.01113606241,8735.102147,7.70072232,8742.814006,5
2026-09-30T03:30:00+00:00,0.01113606241,8735.102147,-3.341265816,8731.772017,5
2026-09-30T03:45:00+00:00,0.01113606241,8735.102147,2.500679008,8737.613962,5
2026-09-30T04:00:00+00:00,0.01113606241,8735.102147,-20.12701099,8714.986272,5
2026-09-30T04:15:00+00:00,0.01113606241,8735.102147,-32.67056923,8702.442714,5
2026-09-30T04:30:00+00:00,0.01113606241,8735.102147,-24.13285969,8710.980424,5
2026-09-30T04:45:00+00:00,0.01113606241,8735.102147,-3.957458588,8731.155825,5
2026-09-30T05:00:00+00:00,0.01113606241,8735.102147,-9.072593464,8726.04069,5
2026-09-30T05:15:00+00:00,0.01113606241,8735.102147,-30.57197315,8704.54131,5
2026-09-30T05:30:00+00:00,0.01113606241,8735.102147,-42.91303207,8692.200251,5
2026-09-30T05:45:00+00:00,0.01113606241,8735.102147,-24.30938676,8710.803897,5
2026-09-30T06:00:00+00:00,0.01113606241,8735.102147,20.90745054,8756.020734,5
2026-09-30T06:15:00+00:00,0.01113606241,8735.102147,29.9931752,8765.106458,5
2026-09-30T06:30:00+00:00,0.01113606241,8735.102147,40.54908667,8775.66237,5
2026-09-30T06:45:00+00:00,0.01113606241,8735.102147,69.49525177,8804.608535,5
2026-09-30T07:00:00+00:00,0.01113606241,8735.102147,84.09019038,8819.203474,5
2026-09-30T07:15:00+00:00,0.01113606241,8735.102147,44.84543741,8779.958721,5
2026-09-30T07:30:00+00:00,0.01113606241,8735.102147,27.05714981,8762.170433,5
2026-09-30T07:45:00+00:00,0.01113606241,8735.102147,45.91228187,8781.025565,5
2026-09-30T08:00:00+00:00,1784.677178,6948.591552,60.8044467,8794.073177,4
2026-09-30T08:15:00+00:00,672.9648196,8052.710283,70.57955316,8796.254656,4
2026-09-30T08:30:00+00:00,672.9648196,8052.710283,72.03730625,8797.712409,4
2026-09-30T08:45:00+00:00,672.9648196,8052.710283,62.36264466,8788.037748,4
2026-09-30T09:00:00+00:00,672.9648196,8052.710283,46.22632052,8771.901423,4
2026-09-30T09:15:00+00:00,672.9648196,8052.710283,25.68691166,8751.362015,4
2026-09-30T09:30:00+00:00,672.9648196,8052.710283,15.77269734,8741.4478,4
2026-09-30T09:45:00+00:00,672.9648196,8052.710283,16.52708242,8742.202185,4
2026-09-30T10:00:00+00:00,672.9648196,8052.710283,7.529589386,8733.204692,4
2026-09-30T10:15:00+00:00,0,8724.634186,24.1343045,8748.76849,5
2026-09-30T10:30:00+00:00,0,8724.634186,39.61289946,8764.247085,5
2026-09-30T10:45:00+00:00,0,8724.634186,91.13312591,8815.767312,5
2026-09-30T11:00:00+00:00,0,8724.634186,100.1001211,8824.734307,5
2026-09-30T11:15:00+00:00,0,8724.634186,85.11061928,8809.744805,5
2026-09-30T11:30:00+00:00,0,8724.634186,75.61691087,8800.251097,5
2026-09-30T11:45:00+00:00,0,8724.634186,69.78921163,8794.423398,5
2026-09-30T12:00:00+00:00,0,8724.634186,71.98552443,8796.61971,5
2026-09-30T12:15:00+00:00,0,8724.634186,54.82103298,8779.455219,5
2026-09-30T12:30:00+00:00,5769.688922,2856.071467,142.9521998,8768.71259,4
2026-09-30T12:45:00+00:00,5769.688922,2856.071467,141.930642,8767.691032,3
2026-09-30T13:00:00+00:00,5769.688922,2856.071467,175.9971273,8801.757517,3
2026-09-30T13:15:00+00:00,5769.688922,2856.071467,190.7134659,8816.473856,3
2026-09-30T13:30:00+00:00,3178.94511,5445.391154,144.8456826,8769.181947,4
2026-09-30T13:45:00+00:00,3178.94511,5445.391154,141.5245279,8765.860792,4
2026-09-30T14:00:00+00:00,3178.94511,5445.391154,114.5508947,8738.887159,4
2026-09-30T14:15:00+00:00,5677.475912,2856.071467,89.43625033,8622.983629,3
2026-09-30T14:30:00+00:00,5677.475912,2856.071467,89.65111295,8623.198492,3
2026-09-30T14:45:00+00:00,5677.475912,2856.071467,100.9627575,8634.510137,3
2026-09-30T15:00:00+00:00,5677.475912,2856.071467,93.30163189,8626.849011,3
2026-09-30T15:15:00+00:00,3077.163482,5454.954511,75.21096462,8607.328958,4
2026-09-30T15:30:00+00:00,3077.163482,5454.954511,82.67799885,8614.795992,4
2026-09-30T15:45:00+00:00,3077.163482,5454.954511,106.3162694,8638.434263,4
2026-09-30T16:00:00+00:00,1774.27889,6756.91521,94.85235662,8626.046456,5
2026-09-30T16:15:00+00:00,1774.27889,6756.91521,111.2720071,8642.466107,5
2026-09-30T16:30:00+00:00,1774.27889,6756.91521,126.7845962,8657.978696,5
2026-09-30T16:45:00+00:00,1774.27889,6756.91521,114.6727282,8645.866828,5
2026-09-30T17:00:00+00:00,1774.27889,6756.91521,102.2651925,8633.459292,5
2026-09-30T17:15:00+00:00,1774.27889,6756.91521,113.7863831,8644.980483,5
2026-09-30T17:30:00+00:00,1774.27889,6756.91521,110.6860136,8641.880114,5
2026-09-30T17:45:00+00:00,1774.27889,6756.91521,111.8083978,8643.002498,5
2026-09-30T18:00:00+00:00,1774.27889,6756.91521,89.35232054,8620.54642,5
2026-09-30T18:15:00+00:00,1774.27889,6756.91521,124.2868224,8655.480922,5
2026-09-30T18:30:00+00:00,1774.27889,6756.91521,119.0575795,8650.251679,5
2026-09-30T18:45:00+00:00,1774.27889,6756.91521,108.1882333,8639.382333,5
2026-09-30T19:00:00+00:00,1774.27889,6756.91521,102.7914456,8633.985545,5
2026-09-30T19:15:00+00:00,1774.27889,6756.91521,112.707954,8643.902054,5
2026-09-30T19:30:00+00:00,1774.27889,6756.91521,113.4282467,8644.622347,5
2026-09-30T19:45:00+00:00,0,8562.454591,64.61953823,8627.074129,5
2026-09-30T20:00:00+00:00,0,8562.454591,67.08444622,8629.539037,5
2026-09-30T20:15:00+00:00,0,8562.454591,60.1299647,8622.584555,5
2026-09-30T20:30:00+00:00,0,8562.454591,58.1329104,8620.587501,5
2026-09-30T20:45:00+00:00,0,8562.454591,53.06672,8615.521311,5
2026-09-30T21:00:00+00:00,0,8562.454591,34.3173544,8596.771945,5
2026-09-30T21:15:00+00:00,0,8562.454591,23.6168476,8586.071438,5
2026-09-30T21:30:00+00:00,0,8562.454591,25.54414517,8587.998736,5
2026-09-30T21:45:00+00:00,0,8562.454591,11.73562313,8574.190214,5
2026-09-30T22:00:00+00:00,582.8331622,7890.530688,79.57168169,8552.935532,4
2026-09-30T22:15:00+00:00,582.8331622,7890.530688,80.35063278,8553.714483,4
2026-09-30T22:30:00+00:00,582.8331622,7890.530688,78.19502349,8551.558874,4
2026-09-30T22:45:00+00:00,582.8331622,7890.530688,77.10076271,8550.464613,4
2026-09-30T23:00:00+00:00,582.8331622,7890.530688,85.99084676,8559.354697,4
2026-09-30T23:15:00+00:00,0,8471.798067,86.77352055,8558.571587,5
2026-09-30T23:30:00+00:00,0,8471.798067,87.0537825,8558.851849,5
2026-09-30T23:45:00+00:00,0,8471.798067,81.32347647,8553.121543,5
2026-10-01T00:00:00+00:00,0.1215104054,8471.798067,77.29696551,8549.216543,5
2026-10-01T00:15:00+00:00,0.1215104054,8471.798067,85.50753285,8557.42711,5
2026-10-01T00:30:00+00:00,0.1215104054,8471.798067,74.05283391,8545.972411,5
2026-10-01T00:45:00+00:00,0.1215104054,8471.798067,77.24209152,8549.161669,5
2026-10-01T01:00:00+00:00,0.1215104054,8471.798067,76.81811976,8548.737697,5
2026-10-01T01:15:00+00:00,0.1215104054,8471.798067,73.21596421,8545.135541,5
2026-10-01T01:30:00+00:00,0.1215104054,8471.798067,63.07511575,8534.994693,5
2026-10-01T01:45:00+00:00,0.1215104054,8471.798067,64.67154423,8536.591121,5
2026-10-01T02:00:00+00:00,0.1215104054,8471.798067,50.64484246,8522.56442,5
2026-10-01T02:15:00+00:00,0.1215104054,8471.798067,55.2942207,8527.213798,5
2026-10-01T02:30:00+00:00,0.1215104054,8471.798067,72.87736409,8544.796941,5
2026-10-01T02:45:00+00:00,0.1215104054,8471.798067,94.07079644,8565.990373,5
2026-10-01T03:00:00+00:00,0.1215104054,8471.798067,94.89443595,8566.814013,5
2026-10-01T03:15:00+00:00,0.1215104054,8471.798067,95.79419553,8567.713773,5
2026-10-01T03:30:00+00:00,0.1215104054,8471.798067,101.9225801,8573.842157,5
2026-10-01T03:45:00+00:00,0.1215104054,8471.798067,99.82648257,8571.74606,5
2026-10-01T04:00:00+00:00,0.1215104054,8471.798067,72.70552289,8544.6251,5
2026-10-01T04:15:00+00:00,0.1215104054,8471.798067,84.13860519,8556.058182,5
2026-10-01T04:30:00+00:00,0.1215104054,8471.798067,89.02072152,8560.940299,5
2026-10-01T04:45:00+00:00,0.1215104054,8471.798067,78.95048758,8550.870065,5
2026-10-01T05:00:00+00:00,0.1215104054,8471.798067,67.61148577,8539.531063,5
2026-10-01T05:15:00+00:00,0.1215104054,8471.798067,64.89413441,8536.813711,5
2026-10-01T05:30:00+00:00,0.1215104054,8471.798067,79.49534629,8551.414923,5
2026-10-01T05:45:00+00:00,0.1215104054,8471.798067,74.3282452,8546.247822,5
2026-10-01T06:00:00+00:00,0.1215104054,8471.798067,66.98661691,8538.906194,5
2026-10-01T06:15:00+00:00,0.1215104054,8471.798067,70.64197971,8542.561557,5
2026-10-01T06:30:00+00:00,0.1215104054,8471.798067,75.73218649,8547.651764,5
2026-10-01T06:45:00+00:00,0.1215104054,8471.798067,83.3479326,8555.26751,5
2026-10-01T07:00:00+00:00,0.1215104054,8471.798067,87.79578565,8559.715363,5
2026-10-01T07:15:00+00:00,0.1215104054,8471.798067,119.1668205,8591.086398,5
2026-10-01T07:30:00+00:00,0.1215104054,8471.798067,100.6266567,8572.546234,5
2026-10-01T07:45:00+00:00,0.1215104054,8471.798067,103.9301443,8575.849721,5
2026-10-01T08:00:00+00:00,0.3137539107,8471.798067,87.86985943,8559.98168,5
2026-10-01T08:15:00+00:00,0.3137539107,8471.798067,76.80440128,8548.916222,5
2026-10-01T08:30:00+00:00,0.3137539107,8471.798067,60.30710078,8532.418921,5
2026-10-01T08:45:00+00:00,0.3137539107,8471.798067,54.23846809,8526.350289,5
2026-10-01T09:00:00+00:00,0.3137539107,8471.798067,48.99817953,8521.11,5
2026-10-01T09:15:00+00:00,0.3137539107,8471.798067,35.04473557,8507.156556,5
2026-10-01T09:30:00+00:00,1291.13897,7233.178495,-28.32326136,8495.994204,4
2026-10-01T09:45:00+00:00,1291.13897,7233.178495,-19.33978499,8504.97768,4
2026-10-01T10:00:00+00:00,1291.13897,7233.178495,-18.05568449,8506.261781,4
2026-10-01T10:15:00+00:00,1291.13897,7233.178495,-17.09988111,8507.217584,4
2026-10-01T10:30:00+00:00,1291.13897,7233.178495,-30.93299393,8493.384471,4
2026-10-01T10:45:00+00:00,1291.13897,7233.178495,-38.97887041,8485.338595,4
2026-10-01T11:00:00+00:00,1291.13897,7233.178495,-29.05691731,8495.260548,4
2026-10-01T11:15:00+00:00,0,8520.988409,-31.27981098,8489.708598,5
2026-10-01T11:30:00+00:00,0,8520.988409,-30.7633546,8490.225054,5
2026-10-01T11:45:00+00:00,0,8520.988409,-30.68276848,8490.30564,5
2026-10-01T12:00:00+00:00,0,8520.988409,-37.04178303,8483.946626,5
2026-10-01T12:15:00+00:00,0,8520.988409,-37.11367098,8483.874738,5
2026-10-01T12:30:00+00:00,0,8520.988409,-35.37329934,8485.61511,5
2026-10-01T12:45:00+00:00,0,8520.988409,-26.75786296,8494.230546,5
2026-10-01T13:00:00+00:00,0,8520.988409,-23.37897977,8497.609429,5
2026-10-01T13:15:00+00:00,0,8520.988409,-26.05795162,8494.930457,5
2026-10-01T13:30:00+00:00,0,8520.988409,-32.29826143,8488.690147,5
2026-10-01T13:45:00+00:00,0,8520.988409,-31.36108789,8489.627321,5
2026-10-01T14:00:00+00:00,0,8520.988409,-38.05459163,8482.933817,5
2026-10-01T14:15:00+00:00,0,8520.988409,-57.20736982,8463.781039,5
2026-10-01T14:30:00+00:00,0,8520.988409,-61.95594314,8459.032466,5
2026-10-01T14:45:00+00:00,0,8520.988409,-79.76702832,8441.221381,5
2026-10-01T15:00:00+00:00,0,8520.988409,-82.12802375,8438.860385,5
2026-10-01T15:15:00+00:00,0,8520.988409,-69.10135842,8451.88705,5
2026-10-01T15:30:00+00:00,0,8520.988409,-71.06332799,8449.925081,5
2026-10-01T15:45:00+00:00,0,8520.988409,-78.40189886,8442.58651,5
2026-10-01T16:00:00+00:00,0.5526173405,8520.988409,-84.97349775,8436.567529,5
2026-10-01T16:15:00+00:00,0.5526173405,8520.988409,-83.44068175,8438.100345,5
2026-10-01T16:30:00+00:00,0,8509.927884,-84.56503586,8425.362848,5
2026-10-01T16:45:00+00:00,0,8509.927884,-81.34283886,8428.585045,5
2026-10-01T17:00:00+00:00,0,8509.927884,-79.94455061,8429.983333,5
2026-10-01T17:15:00+00:00,3231.943708,5177.593131,-41.4018164,8368.135022,3
2026-10-01T17:30:00+00:00,4510.75936,3875.632432,-20.39395596,8365.997836,2
2026-10-01T17:45:00+00:00,4510.75936,3875.632432,-21.27129132,8365.120501,2
2026-10-01T18:00:00+00:00,4510.75936,3875.632432,-23.13562898,8363.256163,2
2026-10-01T18:15:00+00:00,2545.459291,5839.85218,-19.97616209,8365.335309,3
2026-10-01T18:30:00+00:00,0,8383.246423,-8.335237387,8374.911186,4
2026-10-01T18:45:00+00:00,0,8383.246423,-19.38550113,8363.860922,4
2026-10-01T19:00:00+00:00,0,8383.246423,-7.281861106,8375.964562,4
2026-10-01T19:15:00+00:00,0,8383.246423,-32.38829416,8350.858129,4
2026-10-01T19:30:00+00:00,0,8383.246423,-26.9103164,8356.336107,4
2026-10-01T19:45:00+00:00,0,8383.246423,-11.18377525,8372.062648,4
2026-10-01T20:00:00+00:00,0,8383.246423,-10.01994396,8373.226479,4
2026-10-01T20:15:00+00:00,0,8383.246423,-12.38289471,8370.863528,4
2026-10-01T20:30:00+00:00,0,8383.246423,-24.0096115,8359.236811,4
2026-10-01T20:45:00+00:00,0,8383.246423,-21.78377871,8361.462644,4
2026-10-01T21:00:00+00:00,0,8383.246423,-29.10842954,8354.137993,4
2026-10-01T21:15:00+00:00,0,8383.246423,-35.72965593,8347.516767,4
2026-10-01T21:30:00+00:00,0,8383.246423,-55.75055845,8327.495865,4
2026-10-01T21:45:00+00:00,0,8383.246423,-48.69243779,8334.553985,4
2026-10-01T22:00:00+00:00,0,8383.246423,-31.74495832,8351.501465,4
2026-10-01T22:15:00+00:00,0,8383.246423,-31.01421536,8352.232208,4
2026-10-01T22:30:00+00:00,0,8383.246423,-31.70033414,8351.546089,4
2026-10-01T22:45:00+00:00,0,8383.246423,-23.70143046,8359.544993,4
2026-10-01T23:00:00+00:00,0,8383.246423,-33.66193793,8349.584485,4
2026-10-01T23:15:00+00:00,0,8383.246423,-23.7597409,8359.486682,4
2026-10-01T23:30:00+00:00,0,8383.246423,-17.23002774,8366.016395,4
2026-10-01T23:45:00+00:00,0,8383.246423,-9.995868533,8373.250554,4
2026-10-02T00:00:00+00:00,-0.1164947124,8383.246423,-22.64722626,8360.482702,4
2026-10-02T00:15:00+00:00,-0.1164947124,8383.246423,-23.12237608,8360.007552,4
2026-10-02T00:30:00+00:00,-0.1164947124,8383.246423,-27.80798832,8355.32194,4
2026-10-02T00:45:00+00:00,-0.1164947124,8383.246423,-23.45049606,8359.679432,4
2026-10-02T01:00:00+00:00,-0.1164947124,8383.246423,-40.23562562,8342.894303,4
2026-10-02T01:15:00+00:00,-0.1164947124,8383.246423,-42.98512988,8340.144798,4
2026-10-02T01:30:00+00:00,-0.1164947124,8383.246423,-44.16321741,8338.966711,4
2026-10-02T01:45:00+00:00,-0.1164947124,8383.246423,-10.42884562,8372.701083,4
2026-10-02T02:00:00+00:00,-0.1164947124,8383.246423,13.48002916,8396.609957,4
2026-10-02T02:15:00+00:00,-0.1164947124,8383.246423,-4.601616168,8378.528312,4
2026-10-02T02:30:00+00:00,-0.1164947124,8383.246423,1.725013289,8384.854942,4
2026-10-02T02:45:00+00:00,-0.1164947124,8383.246423,25.18307874,8408.313007,4
2026-10-02T03:00:00+00:00,-0.1164947124,8383.246423,13.41149718,8396.541425,4
2026-10-02T03:15:00+00:00,-0.1164947124,8383.246423,3.723096852,8386.853025,4
2026-10-02T03:30:00+00:00,-0.1164947124,8383.246423,18.65234987,8401.782278,4
