strategy,symbol,direction,opened_at,closed_at,entry_price,exit_price,qty,notional,stop_price,risk_amount,leverage,margin,fee,slippage_cost,funding,pnl,exit_reason,signal_reason,notes
scalp_patient,BTC-USDT-SWAP,long,2026-09-20T17:15:00+00:00,2026-09-21T08:30:00+00:00,81240.6,83480.78159,0.08319319242,6758.664868,80038.57857,100,1,6758.664868,7.537033677,6.851897102,-1.304668265,177.5261558,tp,"RSI(2) aşırılık dönüşü: RSI=0.00 (≤ 5); aralık rejimi doğrulandı: |EMA20−EMA50|/kapanış=0.175% < 0.200%; engel Bollinger(20) orta bandı 80730.4; stop 1.43% (80038.6), hedef 83522.5 (2.00R), zaman stop'u 100 bar | arm=rsi2_reversal | post_r=nan",
scalp_patient,BTC-USDT-SWAP,short,2026-09-21T03:15:00+00:00,2026-09-21T08:30:00+00:00,81259.05015,83193.4032,0.05521730143,4486.905466,83068.8,99.92950298,1.387191425,3234.525088,4.994341378,9.124827474,0.4511253527,-111.3529715,stop,"RSI(2) aşırılık dönüşü: RSI=100.00 (≥ 95); aralık rejimi doğrulandı: |EMA20−EMA50|/kapanış=0.199% < 0.200%; engel Bollinger(20) orta bandı 81345; stop 2.18% (83068.8), hedef 77761.8 (2.00R), zaman stop'u 100 bar | arm=rsi2_reversal | post_r=nan",boyut komisyon+marj nakde sığsın diye 0.9992 oranında kırpıldı
scalp_patient,AVAX-USDT-SWAP,long,2026-09-21T23:00:00+00:00,2026-09-22T04:45:00+00:00,11.2446195,10.74034143,201.4902293,2265.680962,10.74571429,100.524526,1,2265.680962,2.436365151,2.214852562,-0.2261727824,-104.2696422,stop,"RSI(2) aşırılık dönüşü: RSI=0.00 (≤ 5); aralık rejimi doğrulandı: |EMA20−EMA50|/kapanış=0.143% < 0.200%; engel Bollinger(20) orta bandı 11.1013; stop 4.40% (10.7457), hedef 12.2286 (2.00R), zaman stop'u 100 bar | arm=rsi2_reversal | post_r=nan",
scalp_patient,AVAX-USDT-SWAP,short,2026-09-21T08:45:00+00:00,2026-09-22T10:00:00+00:00,11.1534205,10.9224585,149.5698731,1668.215689,11.82642857,100.6617318,1,1668.215689,1.816037531,1.650952259,0.3254187415,33.05433824,signal,"RSI(2) aşırılık dönüşü: RSI=100.00 (≥ 95); aralık rejimi doğrulandı: |EMA20−EMA50|/kapanış=0.050% < 0.200%; engel Bollinger(20) orta bandı 11.2154; stop 5.97% (11.8264), hedef 9.82714 (2.00R), zaman stop'u 100 bar | arm=rsi2_reversal | post_r=nan",exit_rule=time_stop
scalp_patient,XRP-USDT-SWAP,short,2026-09-22T06:00:00+00:00,2026-09-22T13:45:00+00:00,1.5128432,1.565301579,1982.927032,2999.857676,1.562957143,99.37229196,1,2999.857676,3.357055069,6.14952413,0.3010678112,-107.0771242,stop,"RSI(2) aşırılık dönüşü: RSI=100.00 (≥ 95); aralık rejimi doğrulandı: |EMA20−EMA50|/kapanış=0.140% < 0.200%; engel Bollinger(20) orta bandı 1.51473; stop 3.26% (1.56296), hedef 1.41489 (2.00R), zaman stop'u 100 bar | arm=rsi2_reversal | post_r=nan",
scalp_patient,BTC-USDT-SWAP,short,2026-09-22T06:45:00+00:00,2026-09-22T15:30:00+00:00,85415.4709,86623.15441,0.09177068688,7838.636435,86493.41429,98.92360493,2.712694689,2889.612483,8.683456548,15.82761892,0.7831224034,-118.7302791,stop,"RSI(2) aşırılık dönüşü: RSI=100.00 (≥ 95); aralık rejimi doğrulandı: |EMA20−EMA50|/kapanış=0.094% < 0.200%; engel Bollinger(20) orta bandı 85508.4; stop 1.21% (86493.4), hedef 83387.8 (2.00R), zaman stop'u 100 bar | arm=rsi2_reversal | post_r=nan",boyut komisyon+marj nakde sığsın diye 0.9985 oranında kırpıldı
scalp_patient,DOGE-USDT-SWAP,short,2026-09-22T10:00:00+00:00,2026-09-23T02:45:00+00:00,0.09873061,0.1030171514,23635.82368,2333.579289,0.1028628571,97.66906485,1.37140677,1701.595282,2.622660984,4.814245863,0.473590999,-103.4650074,stop,"RSI(2) aşırılık dönüşü: RSI=100.00 (≥ 95); aralık rejimi doğrulandı: |EMA20−EMA50|/kapanış=0.096% < 0.200%; engel Bollinger(20) orta bandı 0.0992305; stop 4.14% (0.102863), hedef 0.0905843 (2.00R), zaman stop'u 100 bar | arm=rsi2_reversal | post_r=nan",boyut komisyon+marj nakde sığsın diye 0.9992 oranında kırpıldı
scalp_patient,NEAR-USDT-SWAP,long,2026-09-22T02:45:00+00:00,2026-09-23T04:00:00+00:00,4.534266,4.3808085,233.0413662,1056.671544,4.103142857,100.4695262,1,1056.671544,1.142669628,1.03878189,-0.238947844,-37.14356293,signal,"Açılış aralığı kırılımı: ilk 4 bar [4.202, 4.358], kapanış 4.531 üstte (7. bar); hacim 189610 ≥ 1.5× SMA20(82248.7); engel ölçülü hareket 4.514 (aralık genişliği 0.156); stop 9.44% (4.10314), hedef 5.38671 (2.00R), zaman stop'u 100 bar | arm=opening_range_breakout | post_r=nan",exit_rule=time_stop
scalp_patient,DOGE-USDT-SWAP,long,2026-09-22T04:15:00+00:00,2026-09-23T05:30:00+00:00,0.10483239,0.10206894,12777.67781,1339.514503,0.09701928571,99.83332924,1,1339.514503,1.454045193,1.321850769,-0.3823208977,-37.14683983,signal,"Açılış aralığı kırılımı: ilk 4 bar [0.09915, 0.10169], kapanış 0.10478 üstte (13. bar); hacim 619979 ≥ 1.5× SMA20(128602); engel ölçülü hareket 0.10423 (aralık genişliği 0.00254); stop 7.41% (0.0970193), hedef 0.120301 (2.00R), zaman stop'u 100 bar | arm=opening_range_breakout | post_r=nan",exit_rule=time_stop
scalp_patient,XRP-USDT-SWAP,long,2026-09-23T04:15:00+00:00,2026-09-23T12:00:00+00:00,1.6340166,1.560812061,1331.706592,2176.030678,1.561592857,96.44717578,2.135140011,1019.151281,2.340015913,2.127263354,-0.2151771511,-100.0421606,stop,"Açılış aralığı kırılımı: ilk 4 bar [1.569, 1.591], kapanış 1.6332 üstte (13. bar); hacim 98155.7 ≥ 1.5× SMA20(46293.7); engel ölçülü hareket 1.613 (aralık genişliği 0.022); stop 4.38% (1.56159), hedef 1.77641 (2.00R), zaman stop'u 100 bar | arm=opening_range_breakout | post_r=nan",boyut komisyon+marj nakde sığsın diye 0.9988 oranında kırpıldı
scalp_patient,LINK-USDT-SWAP,long,2026-09-22T14:30:00+00:00,2026-09-23T14:00:00+00:00,12.9854895,12.4387775,179.556103,2331.62389,12.445,97.04818835,1,2331.62389,2.510795268,2.282517182,-0.6826241707,-101.3588956,stop,"RSI(2) aşırılık dönüşü: RSI=0.00 (≤ 5); aralık rejimi doğrulandı: |EMA20−EMA50|/kapanış=0.104% < 0.200%; engel Bollinger(20) orta bandı 12.9666; stop 4.12% (12.445), hedef 14.05 (2.00R), zaman stop'u 100 bar | arm=rsi2_reversal | post_r=nan",
scalp_patient,PENGU-USDT-SWAP,long,2026-09-23T03:45:00+00:00,2026-09-23T14:00:00+00:00,0.0103961955,0.009776752036,157684.1221,1639.314961,0.009781642857,96.905194,1.026033681,1597.720418,1.749524438,1.59045274,-0.08481040509,-99.51073373,stop,"Açılış aralığı kırılımı: ilk 4 bar [0.009948, 0.010152], kapanış 0.010392 üstte (11. bar); hacim 1.21214e+06 ≥ 1.5× SMA20(561295); engel ölçülü hareket 0.010356 (aralık genişliği 0.000204); stop 5.87% (0.00978164), hedef 0.0116127 (2.00R), zaman stop'u 100 bar | arm=opening_range_breakout | post_r=nan",boyut komisyon+marj nakde sığsın diye 0.9994 oranında kırpıldı
scalp_patient,BNB-USDT-SWAP,short,2026-09-23T08:15:00+00:00,2026-09-23T14:00:00+00:00,788.90535,765.4396714,7.74315778,6108.618599,801.2714286,95.7524975,4.700890842,1299.459784,6.61954631,6.017816302,0,175.0789053,tp,"RSI(2) aşırılık dönüşü: RSI=100.00 (≥ 95); aralık rejimi doğrulandı: |EMA20−EMA50|/kapanış=0.055% < 0.200%; engel Bollinger(20) orta bandı 792.175; stop 1.53% (801.271), hedef 765.057 (2.00R), zaman stop'u 100 bar | arm=rsi2_reversal | post_r=nan",boyut komisyon+marj nakde sığsın diye 0.9974 oranında kırpıldı
scalp_patient,BTC-USDT-SWAP,long,2026-09-22T16:15:00+00:00,2026-09-23T14:15:00+00:00,86176.4667,84165.68182,0.04896501717,4219.632172,84207.78571,96.39649827,1.265958128,3333.153031,4.587443425,4.170379542,-0.2426797175,-103.2882392,stop,"RSI(2) aşırılık dönüşü: RSI=0.00 (≤ 5); aralık rejimi doğrulandı: |EMA20−EMA50|/kapanış=0.199% < 0.200%; engel Bollinger(20) orta bandı 86078.7; stop 2.24% (84207.8), hedef 89984.9 (2.00R), zaman stop'u 100 bar | arm=rsi2_reversal | post_r=nan",boyut komisyon+marj nakde sığsın diye 0.9993 oranında kırpıldı
scalp_patient,BNB-USDT-SWAP,long,2026-09-24T02:45:00+00:00,2026-09-24T09:30:00+00:00,773.3865,762.4400179,8.915733913,6895.308246,762.8214286,94.19536562,1,6895.308246,7.531161313,6.846487597,-0.3069759426,-105.4340593,stop,"Açılış aralığı kırılımı: ilk 4 bar [765.5, 768.5], kapanış 773 üstte (7. bar); hacim 152127 ≥ 1.5× SMA20(50300.8); engel ölçülü hareket 771.5 (aralık genişliği 3); stop 1.32% (762.821), hedef 793.357 (2.00R), zaman stop'u 100 bar | arm=opening_range_breakout | post_r=nan",
scalp_patient,BNB-USDT-SWAP,short,2026-09-24T11:00:00+00:00,2026-09-24T14:15:00+00:00,767.71595,782.8868571,6.692701386,5138.093603,781.7142857,93.68668084,1,5138.093603,5.707746856,10.41800239,0,-107.2420981,stop,"RSI(2) aşırılık dönüşü: RSI=100.00 (≥ 95); aralık rejimi doğrulandı: |EMA20−EMA50|/kapanış=0.087% < 0.200%; engel Bollinger(20) orta bandı 770.075; stop 1.79% (781.714), hedef 740.571 (2.00R), zaman stop'u 100 bar | arm=rsi2_reversal | post_r=nan",
scalp_patient,PENGU-USDT-SWAP,long,2026-09-24T14:00:00+00:00,2026-09-24T15:00:00+00:00,0.009940968,0.009801097,145072.036,1442.156467,0.009303857143,92.42696919,1,1442.156467,1.57521186,1.432006067,0,-21.8665826,signal,"RSI(2) aşırılık dönüşü: RSI=4.29 (≤ 5); aralık rejimi doğrulandı: |EMA20−EMA50|/kapanış=0.059% < 0.200%; engel Bollinger(20) orta bandı 0.0097874; stop 6.36% (0.00930386), hedef 0.0112003 (2.00R), zaman stop'u 100 bar | arm=rsi2_reversal | post_r=nan",exit_rule=time_stop
scalp_patient,PENGU-USDT-SWAP,short,2026-09-23T13:45:00+00:00,2026-09-24T15:15:00+00:00,0.0103478235,0.009886941,101510.9921,1050.417829,0.01127921429,94.54640268,1.141828777,919.9433846,1.129728061,1.027037462,0.1493988026,45.80431055,signal,"RSI(2) aşırılık dönüşü: RSI=100.00 (≥ 95); aralık rejimi doğrulandı: |EMA20−EMA50|/kapanış=0.024% < 0.200%; engel Bollinger(20) orta bandı 0.0104716; stop 8.97% (0.0112792), hedef 0.00849457 (2.00R), zaman stop'u 100 bar | arm=rsi2_reversal | post_r=nan",boyut komisyon+marj nakde sığsın diye 0.9994 oranında kırpıldı | exit_rule=time_stop
scalp_patient,ETH-USDT-SWAP,short,2026-09-24T04:00:00+00:00,2026-09-25T05:15:00+00:00,2674.052305,2678.548605,2.073340489,5544.220914,2719.122143,93.44511967,3.600841749,1539.701353,6.103770304,5.548881151,0.155925633,-15.27020551,signal,"RSI(2) aşırılık dönüşü: RSI=100.00 (≥ 95); aralık rejimi doğrulandı: |EMA20−EMA50|/kapanış=0.162% < 0.200%; engel Bollinger(20) orta bandı 2680.81; stop 1.63% (2719.12), hedef 2587.93 (2.00R), zaman stop'u 100 bar | arm=rsi2_reversal | post_r=nan",boyut komisyon+marj nakde sığsın diye 0.9980 oranında kırpıldı | exit_rule=time_stop
scalp_patient,BTC-USDT-SWAP,short,2026-09-25T05:45:00+00:00,2026-09-25T11:00:00+00:00,84184.38675,85329.40955,0.09011868367,7586.586119,85201.60714,91.67056281,4.981807855,1522.858035,8.401998103,15.31257568,0.5439965128,-111.0459494,stop,"RSI(2) aşırılık dönüşü: RSI=100.00 (≥ 95); aralık rejimi doğrulandı: |EMA20−EMA50|/kapanış=0.019% < 0.200%; engel Bollinger(20) orta bandı 84332.8; stop 1.16% (85201.6), hedef 82276.3 (2.00R), zaman stop'u 100 bar | arm=rsi2_reversal | post_r=nan",boyut komisyon+marj nakde sığsın diye 0.9973 oranında kırpıldı
scalp_patient,XRP-USDT-SWAP,long,2026-09-24T15:15:00+00:00,2026-09-25T12:00:00+00:00,1.49824875,1.618861593,1491.408885,2234.501497,1.436564286,91.99675808,1,2234.501497,2.556887333,2.324488582,-0.2891344117,177.0370437,tp,"RSI(2) aşırılık dönüşü: RSI=0.00 (≤ 5); aralık rejimi doğrulandı: |EMA20−EMA50|/kapanış=0.027% < 0.200%; engel Bollinger(20) orta bandı 1.48407; stop 4.08% (1.43656), hedef 1.61967 (2.00R), zaman stop'u 100 bar | arm=rsi2_reversal | post_r=nan",
scalp_patient,AVAX-USDT-SWAP,long,2026-09-24T15:00:00+00:00,2026-09-25T16:15:00+00:00,10.2421185,10.410792,194.9566847,1996.769467,9.769428571,92.15406138,1,1996.769467,2.214532629,2.013220205,-0.2723752382,30.39711849,signal,"RSI(2) aşırılık dönüşü: RSI=0.00 (≤ 5); aralık rejimi doğrulandı: |EMA20−EMA50|/kapanış=0.099% < 0.200%; engel Bollinger(20) orta bandı 10.1671; stop 4.58% (9.76943), hedef 11.1751 (2.00R), zaman stop'u 100 bar | arm=rsi2_reversal | post_r=nan",exit_rule=time_stop
scalp_patient,BTC-USDT-SWAP,short,2026-09-25T12:45:00+00:00,2026-09-25T17:30:00+00:00,84361.69805,83680.71945,0.05944039556,5014.492702,85919.71429,92.60910134,2.080444529,2410.29868,5.493679272,4.994265252,0.1700862594,35.15404434,signal,"RSI(2) aşırılık dönüşü: RSI=100.00 (≥ 95); aralık rejimi doğrulandı: |EMA20−EMA50|/kapanış=0.129% < 0.200%; engel Bollinger(20) orta bandı 84530.6; stop 1.80% (85919.7), hedef 81372.6 (2.00R), zaman stop'u 100 bar | arm=rsi2_reversal | post_r=nan",boyut komisyon+marj nakde sığsın diye 0.9989 oranında kırpıldı | exit_rule=time_stop
scalp_patient,BTC-USDT-SWAP,long,2026-09-24T16:15:00+00:00,2026-09-25T17:45:00+00:00,84265.41165,83718.5198,0.04188033956,3529.064053,82067.72857,92.03971359,1.039314903,3395.567641,3.86937325,3.517607199,-0.3592217792,-27.13261141,signal,"RSI(2) aşırılık dönüşü: RSI=0.00 (≤ 5); aralık rejimi doğrulandı: |EMA20−EMA50|/kapanış=0.044% < 0.200%; engel Bollinger(20) orta bandı 83893.8; stop 2.56% (82067.7), hedef 88534.4 (2.00R), zaman stop'u 100 bar | arm=rsi2_reversal | post_r=nan",boyut komisyon+marj nakde sığsın diye 0.9994 oranında kırpıldı | exit_rule=time_stop
scalp_patient,BNB-USDT-SWAP,short,2026-09-25T18:00:00+00:00,2026-09-26T13:00:00+00:00,772.6135,774.08685,6.946256077,5366.771219,785.8857143,92.19219913,1,5366.771219,5.909077188,5.371887137,1.076530767,-15.06681281,signal,"RSI(2) aşırılık dönüşü: RSI=100.00 (≥ 95); aralık rejimi doğrulandı: |EMA20−EMA50|/kapanış=0.110% < 0.200%; engel Bollinger(20) orta bandı 773.595; stop 1.65% (785.886), hedef 747.529 (2.00R), zaman stop'u 100 bar | arm=rsi2_reversal | post_r=nan",exit_rule=time_stop
scalp_patient,BNB-USDT-SWAP,long,2026-09-25T11:45:00+00:00,2026-09-26T13:15:00+00:00,779.68965,772.71345,6.729947502,5247.270412,765.9714286,92.32291004,3.714855079,1412.510125,5.746175251,5.223785251,-1.5639725,-54.25960752,signal,"RSI(2) aşırılık dönüşü: RSI=4.17 (≤ 5); aralık rejimi doğrulandı: |EMA20−EMA50|/kapanış=0.110% < 0.200%; engel Bollinger(20) orta bandı 775.705; stop 1.72% (765.971), hedef 806.257 (2.00R), zaman stop'u 100 bar | arm=rsi2_reversal | post_r=nan",boyut komisyon+marj nakde sığsın diye 0.9980 oranında kırpıldı | exit_rule=time_stop
scalp_patient,ETH-USDT-SWAP,long,2026-09-25T19:45:00+00:00,2026-09-26T17:30:00+00:00,2691.92529,2685.69648,0.8317864445,2239.106966,2649.037143,35.67377942,5,447.8213932,2.460168091,2.23651571,-0.1743480962,-7.815555911,signal,"RSI(2) aşırılık dönüşü: RSI=0.00 (≤ 5); aralık rejimi doğrulandı: |EMA20−EMA50|/kapanış=0.026% < 0.200%; engel Bollinger(20) orta bandı 2688.79; stop 1.54% (2649.04), hedef 2773.67 (2.00R), zaman stop'u 100 bar | arm=rsi2_reversal | post_r=nan",boyut leverage_cap=5 nedeniyle 0.3885 oranında kırpıldı (gereken kaldıraç 12.87); boyut komisyon+marj nakde sığsın diye 0.9973 oranında kırpıldı | exit_rule=time_stop
scalp_patient,XRP-USDT-SWAP,long,2026-09-26T00:15:00+00:00,2026-09-26T17:30:00+00:00,1.5657825,1.533125911,0.1251810382,0.1960062789,1.533892857,0.0039919786,5,0.03920125578,0.0002133585146,0.0001939613125,-3.885369063e-05,-0.004340197955,stop,"RSI(2) aşırılık dönüşü: RSI=0.00 (≤ 5); aralık rejimi doğrulandı: |EMA20−EMA50|/kapanış=0.036% < 0.200%; engel Bollinger(20) orta bandı 1.56437; stop 1.99% (1.53389), hedef 1.62721 (2.00R), zaman stop'u 100 bar | arm=rsi2_reversal | post_r=nan",boyut leverage_cap=5 nedeniyle 0.0000 oranında kırpıldı (gereken kaldıraç 114965.58); boyut komisyon+marj nakde sığsın diye 0.9973 oranında kırpıldı
scalp_patient,ETH-USDT-SWAP,short,2026-09-25T16:15:00+00:00,2026-09-26T17:45:00+00:00,2690.654,2689.954305,1.075425135,2893.596942,2776.296429,92.10202033,1.427956203,2026.390541,3.182542778,2.893221619,0.2254164229,-2.204656765,signal,"RSI(2) aşırılık dönüşü: RSI=100.00 (≥ 95); aralık rejimi doğrulandı: |EMA20−EMA50|/kapanış=0.022% < 0.200%; engel Bollinger(20) orta bandı 2699.72; stop 3.13% (2776.3), hedef 2523.41 (2.00R), zaman stop'u 100 bar | arm=rsi2_reversal | post_r=nan",boyut komisyon+marj nakde sığsın diye 0.9992 oranında kırpıldı | exit_rule=time_stop
scalp_patient,DOGE-USDT-SWAP,long,2026-09-26T17:30:00+00:00,2026-09-26T20:30:00+00:00,0.09792894,0.09605337786,50056.19779,4901.95039,0.09610142857,91.47827354,3.372976839,1453.300934,5.340509499,4.854986378,0,-99.2240191,stop,"RSI(2) aşırılık dönüşü: RSI=0.00 (≤ 5); aralık rejimi doğrulandı: |EMA20−EMA50|/kapanış=0.130% < 0.200%; engel Bollinger(20) orta bandı 0.097766; stop 1.82% (0.0961014), hedef 0.101437 (2.00R), zaman stop'u 100 bar | arm=rsi2_reversal | post_r=nan",boyut komisyon+marj nakde sığsın diye 0.9981 oranında kırpıldı
scalp_patient,AVAX-USDT-SWAP,short,2026-09-26T21:15:00+00:00,2026-09-27T07:15:00+00:00,10.672661,11.0455435,257.4050021,2747.196327,11.029,91.72344104,2.027059172,1355.262029,3.074705961,5.632664958,-0.08706254584,-99.14358919,stop,"RSI(2) aşırılık dönüşü: RSI=100.00 (≥ 95); aralık rejimi doğrulandı: |EMA20−EMA50|/kapanış=0.175% < 0.200%; engel Bollinger(20) orta bandı 10.8138; stop 3.28% (11.029), hedef 9.979 (2.00R), zaman stop'u 100 bar | arm=rsi2_reversal | post_r=nan",boyut komisyon+marj nakde sığsın diye 0.9989 oranında kırpıldı
scalp_patient,PENGU-USDT-SWAP,short,2026-09-26T14:15:00+00:00,2026-09-27T12:15:00+00:00,0.010098948,0.01048763646,246111.2736,2485.464955,0.01047192857,91.79472347,1,2485.464955,2.786624787,5.109243672,0.3735353856,-98.07370239,stop,"RSI(2) aşırılık dönüşü: RSI=100.00 (≥ 95); aralık rejimi doğrulandı: |EMA20−EMA50|/kapanış=0.125% < 0.200%; engel Bollinger(20) orta bandı 0.0101057; stop 3.65% (0.0104719), hedef 0.00936514 (2.00R), zaman stop'u 100 bar | arm=rsi2_reversal | post_r=nan",
scalp_patient,ADA-USDT-SWAP,short,2026-09-26T14:00:00+00:00,2026-09-27T15:15:00+00:00,0.2554722,0.2529264,12579.03638,3213.594098,0.2627785714,91.90711202,1,3213.594098,3.517340467,3.197591048,0.971227399,29.47759775,signal,"RSI(2) aşırılık dönüşü: RSI=100.00 (≥ 95); aralık rejimi doğrulandı: |EMA20−EMA50|/kapanış=0.043% < 0.200%; engel Bollinger(20) orta bandı 0.25568; stop 2.81% (0.262779), hedef 0.241243 (2.00R), zaman stop'u 100 bar | arm=rsi2_reversal | post_r=nan",exit_rule=time_stop
scalp_patient,SOL-USDT-SWAP,long,2026-09-26T18:30:00+00:00,2026-09-27T19:45:00+00:00,121.330635,122.97848,47.57216426,5771.960898,119.4085714,91.43672394,2.853998012,2022.412375,6.392272342,5.811177725,-0.5680441445,71.43123653,signal,"RSI(2) aşırılık dönüşü: RSI=0.00 (≤ 5); aralık rejimi doğrulandı: |EMA20−EMA50|/kapanış=0.176% < 0.200%; engel Bollinger(20) orta bandı 121.242; stop 1.54% (119.409), hedef 125.023 (2.00R), zaman stop'u 100 bar | arm=rsi2_reversal | post_r=nan",boyut komisyon+marj nakde sığsın diye 0.9984 oranında kırpıldı | exit_rule=time_stop
scalp_patient,DOGE-USDT-SWAP,long,2026-09-27T08:30:00+00:00,2026-09-27T22:00:00+00:00,0.097878915,0.09564643857,41488.28167,4060.827995,0.09569428571,90.63651515,3.234520132,1255.465364,4.415968909,4.014495038,-0.4019384728,-97.43951827,stop,"RSI(2) aşırılık dönüşü: RSI=0.00 (≤ 5); aralık rejimi doğrulandı: |EMA20−EMA50|/kapanış=0.184% < 0.200%; engel Bollinger(20) orta bandı 0.0966465; stop 2.18% (0.0956943), hedef 0.102101 (2.00R), zaman stop'u 100 bar | arm=rsi2_reversal | post_r=nan",boyut komisyon+marj nakde sığsın diye 0.9982 oranında kırpıldı
scalp_patient,AVAX-USDT-SWAP,short,2026-09-27T15:15:00+00:00,2026-09-28T01:15:00+00:00,10.930532,10.8524235,223.1997175,2439.691655,11.32885714,88.90605937,1,2439.691655,2.674072233,2.430979723,0.2455719053,15.00529481,signal,"RSI(2) aşırılık dönüşü: RSI=100.00 (≥ 95); aralık rejimi doğrulandı: |EMA20−EMA50|/kapanış=0.140% < 0.200%; engel Bollinger(20) orta bandı 10.9585; stop 3.59% (11.3289), hedef 10.1503 (2.00R), zaman stop'u 100 bar | arm=rsi2_reversal | post_r=nan",exit_rule=time_stop
scalp_patient,AVAX-USDT-SWAP,long,2026-09-27T00:00:00+00:00,2026-09-28T01:30:00+00:00,10.841418,10.8935505,0.1195579748,1.29617798,10.44957143,0.04684838252,5,0.2592355961,0.001429223849,0.001299296291,-0.00023768383,0.004565948443,signal,"RSI(2) aşırılık dönüşü: RSI=0.00 (≤ 5); aralık rejimi doğrulandı: |EMA20−EMA50|/kapanış=0.004% < 0.200%; engel Bollinger(20) orta bandı 10.7521; stop 3.57% (10.4496), hedef 11.6089 (2.00R), zaman stop'u 100 bar | arm=rsi2_reversal | post_r=nan",boyut leverage_cap=5 nedeniyle 0.0005 oranında kırpıldı (gereken kaldıraç 9690.78); boyut komisyon+marj nakde sığsın diye 0.9973 oranında kırpıldı | exit_rule=time_stop
scalp_patient,ADA-USDT-SWAP,long,2026-09-27T19:45:00+00:00,2026-09-28T04:00:00+00:00,0.2555277,0.2489611714,13910.58228,3554.539096,0.2490857143,89.61177233,1.153093804,3082.610524,3.859753676,3.508845019,-0.3547198482,-95.55870952,stop,"RSI(2) aşırılık dönüşü: RSI=0.00 (≤ 5); aralık rejimi doğrulandı: |EMA20−EMA50|/kapanış=0.086% < 0.200%; engel Bollinger(20) orta bandı 0.25456; stop 2.43% (0.249086), hedef 0.267729 (2.00R), zaman stop'u 100 bar | arm=rsi2_reversal | post_r=nan",boyut komisyon+marj nakde sığsın diye 0.9994 oranında kırpıldı
scalp_patient,ETHFI-USDT-SWAP,short,2026-09-27T14:15:00+00:00,2026-09-28T07:15:00+00:00,0.72733615,0.6693630857,3028.732295,2202.906487,0.7568857143,89.49771965,1,2202.906487,2.326625445,2.115158466,0.2153125788,173.4735792,tp,"RSI(2) aşırılık dönüşü: RSI=100.00 (≥ 95); aralık rejimi doğrulandı: |EMA20−EMA50|/kapanış=0.175% < 0.200%; engel Bollinger(20) orta bandı 0.732655; stop 4.02% (0.756886), hedef 0.669029 (2.00R), zaman stop'u 100 bar | arm=rsi2_reversal | post_r=nan",
scalp_patient,PENGU-USDT-SWAP,long,2026-09-28T14:15:00+00:00,2026-09-28T15:15:00+00:00,0.0098259105,0.009275217214,165531.3082,1626.49582,0.009279857143,90.38892658,1.56930477,1036.443558,1.739009063,1.580894936,0,-92.89598909,stop,"RSI(2) aşırılık dönüşü: RSI=0.00 (≤ 5); aralık rejimi doğrulandı: |EMA20−EMA50|/kapanış=0.085% < 0.200%; engel Bollinger(20) orta bandı 0.00971425; stop 5.52% (0.00927986), hedef 0.0109063 (2.00R), zaman stop'u 100 bar | arm=rsi2_reversal | post_r=nan",boyut komisyon+marj nakde sığsın diye 0.9991 oranında kırpıldı
scalp_patient,ADA-USDT-SWAP,short,2026-09-27T23:15:00+00:00,2026-09-29T00:30:00+00:00,0.2522738,0.24822405,8822.728949,2225.743358,0.2623928571,89.27769839,1.919675846,1159.437081,2.428666279,2.207887919,0.4859898028,33.78717009,signal,"RSI(2) aşırılık dönüşü: RSI=100.00 (≥ 95); aralık rejimi doğrulandı: |EMA20−EMA50|/kapanış=0.164% < 0.200%; engel Bollinger(20) orta bandı 0.25496; stop 3.92% (0.262393), hedef 0.232714 (2.00R), zaman stop'u 100 bar | arm=rsi2_reversal | post_r=nan",boyut komisyon+marj nakde sığsın diye 0.9989 oranında kırpıldı | exit_rule=time_stop
scalp_patient,XRP-USDT-SWAP,long,2026-09-29T00:00:00+00:00,2026-09-29T01:30:00+00:00,1.4969481,1.464824364,0.134357273,0.2011258645,1.465557143,0.004217603397,5,0.04022517289,0.0002188646193,0.0001989668064,0,-0.004534922147,stop,"RSI(2) aşırılık dönüşü: RSI=0.00 (≤ 5); aralık rejimi doğrulandı: |EMA20−EMA50|/kapanış=0.145% < 0.200%; engel Bollinger(20) orta bandı 1.49063; stop 2.05% (1.46556), hedef 1.55749 (2.00R), zaman stop'u 100 bar | arm=rsi2_reversal | post_r=nan",boyut leverage_cap=5 nedeniyle 0.0000 oranında kırpıldı (gereken kaldıraç 105678.15); boyut komisyon+marj nakde sığsın diye 0.9973 oranında kırpıldı
scalp_patient,SOL-USDT-SWAP,long,2026-09-29T00:30:00+00:00,2026-09-29T01:30:00+00:00,118.789365,116.5110011,40.10261724,4763.764437,116.5692857,89.03098985,3.998652814,1191.342349,5.189888285,4.718058596,0,-96.55824486,stop,"RSI(2) aşırılık dönüşü: RSI=0.00 (≤ 5); aralık rejimi doğrulandı: |EMA20−EMA50|/kapanış=0.194% < 0.200%; engel Bollinger(20) orta bandı 118.44; stop 1.82% (116.569), hedef 123.051 (2.00R), zaman stop'u 100 bar | arm=rsi2_reversal | post_r=nan",boyut komisyon+marj nakde sığsın diye 0.9978 oranında kırpıldı
scalp_patient,DOGE-USDT-SWAP,short,2026-09-28T03:30:00+00:00,2026-09-29T04:45:00+00:00,0.094002975,0.093016485,17606.25393,1655.040248,0.09909285714,89.61375746,1,1655.040248,1.810991656,1.646360805,0.3968833655,15.95428515,signal,"Açılış aralığı kırılımı: ilk 4 bar [0.09627, 0.09781], kapanış 0.09405 altta (10. bar); hacim 208235 ≥ 1.5× SMA20(68024.1); engel ölçülü hareket 0.09473 (aralık genişliği 0.00154); stop 5.36% (0.0990929), hedef 0.0839643 (2.00R), zaman stop'u 100 bar | arm=opening_range_breakout | post_r=nan",exit_rule=time_stop
scalp_patient,LINK-USDT-SWAP,short,2026-09-29T04:45:00+00:00,2026-09-29T10:00:00+00:00,14.710641,15.57911939,104.4001086,1535.792518,15.55578571,88.23319998,1,1535.792518,1.739239852,3.204318977,-0.06158808205,-92.4700665,stop,"RSI(2) aşırılık dönüşü: RSI=100.00 (≥ 95); aralık rejimi doğrulandı: |EMA20−EMA50|/kapanış=0.086% < 0.200%; engel Bollinger(20) orta bandı 15.1346; stop 5.69% (15.5558), hedef 13.0454 (2.00R), zaman stop'u 100 bar | arm=rsi2_reversal | post_r=nan",
scalp_patient,NEAR-USDT-SWAP,short,2026-09-29T01:45:00+00:00,2026-09-29T11:45:00+00:00,4.6606685,4.927165393,340.7181378,1587.974292,4.919785714,88.28593471,1.448133024,1096.56659,1.7967119,3.308774678,-0.151466649,-92.7485036,stop,"Açılış aralığı kırılımı: ilk 4 bar [4.753, 4.838], kapanış 4.663 altta (3. bar); hacim 123649 ≥ 1.5× SMA20(44240.8); engel ölçülü hareket 4.668 (aralık genişliği 0.085); stop 5.51% (4.91979), hedef 4.14943 (2.00R), zaman stop'u 100 bar | arm=opening_range_breakout | post_r=nan",boyut komisyon+marj nakde sığsın diye 0.9992 oranında kırpıldı
scalp_patient,ETH-USDT-SWAP,long,2026-09-28T12:45:00+00:00,2026-09-29T14:00:00+00:00,2679.339,2724.47708,1.913511317,5126.945498,2632.382857,89.85111074,1,5126.945498,5.687144772,5.170154497,-0.7659262443,79.91915587,signal,"RSI(2) aşırılık dönüşü: RSI=0.00 (≤ 5); aralık rejimi doğrulandı: |EMA20−EMA50|/kapanış=0.003% < 0.200%; engel Bollinger(20) orta bandı 2655.19; stop 1.70% (2632.38), hedef 2769.2 (2.00R), zaman stop'u 100 bar | arm=rsi2_reversal | post_r=nan",exit_rule=time_stop
scalp_patient,XRP-USDT-SWAP,short,2026-09-28T15:45:00+00:00,2026-09-29T17:00:00+00:00,1.4890551,1.48584255,1227.34199,1827.579849,1.562085714,89.63353945,1.937150973,943.4369726,2.008169241,1.825609843,0.4318687774,2.366597046,signal,"RSI(2) aşırılık dönüşü: RSI=98.89 (≥ 95); aralık rejimi doğrulandı: |EMA20−EMA50|/kapanış=0.017% < 0.200%; engel Bollinger(20) orta bandı 1.50117; stop 4.85% (1.56209), hedef 1.34523 (2.00R), zaman stop'u 100 bar | arm=rsi2_reversal | post_r=nan",boyut komisyon+marj nakde sığsın diye 0.9989 oranında kırpıldı | exit_rule=time_stop
scalp_patient,SOL-USDT-SWAP,short,2026-09-29T16:30:00+00:00,2026-09-30T08:00:00+00:00,118.410765,118.4592,21.91877553,2595.418978,122.405,87.54874038,1.452786782,1786.510595,2.855544776,2.59595018,-0.1595465316,-4.0767272,signal,"RSI(2) aşırılık dönüşü: RSI=100.00 (≥ 95); aralık rejimi doğrulandı: |EMA20−EMA50|/kapanış=0.077% < 0.200%; engel Bollinger(20) orta bandı 119.891; stop 3.31% (122.405), hedef 110.63 (2.00R), zaman stop'u 100 bar | arm=rsi2_reversal | post_r=nan",boyut komisyon+marj nakde sığsın diye 0.9992 oranında kırpıldı | exit_rule=time_stop
scalp_patient,SOL-USDT-SWAP,long,2026-09-29T06:45:00+00:00,2026-09-30T08:15:00+00:00,119.009475,117.851045,5.650845865,672.5041997,116.1114286,16.37641368,5,134.5008399,0.7361542595,0.6692296757,0.01145656915,-7.270807065,signal,"RSI(2) aşırılık dönüşü: RSI=0.00 (≤ 5); aralık rejimi doğrulandı: |EMA20−EMA50|/kapanış=0.098% < 0.200%; engel Bollinger(20) orta bandı 117.717; stop 2.38% (116.111), hedef 124.597 (2.00R), zaman stop'u 100 bar | arm=rsi2_reversal | post_r=nan",boyut leverage_cap=5 nedeniyle 0.1863 oranında kırpıldı (gereken kaldıraç 26.84); boyut komisyon+marj nakde sığsın diye 0.9973 oranında kırpıldı | exit_rule=time_stop
scalp_patient,BNB-USDT-SWAP,short,2026-09-29T14:45:00+00:00,2026-09-30T12:30:00+00:00,764.0178,776.46295,7.681185855,5868.562719,775.3,86.66067506,1,5868.562719,6.507995421,11.86858432,0.937872553,-101.163633,stop,"RSI(2) aşırılık dönüşü: RSI=100.00 (≥ 95); aralık rejimi doğrulandı: |EMA20−EMA50|/kapanış=0.097% < 0.200%; engel Bollinger(20) orta bandı 764.445; stop 1.44% (775.3), hedef 742.3 (2.00R), zaman stop'u 100 bar | arm=rsi2_reversal | post_r=nan",
scalp_patient,BTC-USDT-SWAP,long,2026-09-29T19:30:00+00:00,2026-09-30T12:45:00+00:00,83567.86305,85444.78481,6.783412437e-18,5.668752816e-13,82545.38571,6.935885476e-15,5,1.133750563e-13,6.305653737e-16,5.732445751e-16,-7.576971337e-17,1.20255993e-14,tp,"RSI(2) aşırılık dönüşü: RSI=0.00 (≤ 5); aralık rejimi doğrulandı: |EMA20−EMA50|/kapanış=0.141% < 0.200%; engel Bollinger(20) orta bandı 83297.6; stop 1.17% (82545.4), hedef 85487.5 (2.00R), zaman stop'u 100 bar | arm=rsi2_reversal | post_r=nan",boyut leverage_cap=5 nedeniyle 0.0000 oranında kırpıldı (gereken kaldıraç 63017114515862928.00); boyut komisyon+marj nakde sığsın diye 0.9973 oranında kırpıldı
scalp_patient,LINK-USDT-SWAP,long,2026-09-30T13:30:00+00:00,2026-09-30T14:15:00+00:00,14.669331,14.16277221,176.512459,2589.319686,14.16985714,88.16335871,1,2589.319686,2.79907399,2.544591,0,-92.21301087,stop,"RSI(2) aşırılık dönüşü: RSI=0.00 (≤ 5); aralık rejimi doğrulandı: |EMA20−EMA50|/kapanış=0.093% < 0.200%; engel Bollinger(20) orta bandı 14.4357; stop 3.36% (14.1699), hedef 15.6463 (2.00R), zaman stop'u 100 bar | arm=rsi2_reversal | post_r=nan",
scalp_patient,AVAX-USDT-SWAP,short,2026-09-29T18:30:00+00:00,2026-09-30T19:45:00+00:00,11.1854045,10.92546,137.9843898,1543.411214,11.82314286,87.99793805,1.632327361,945.5279936,1.67802478,1.525486421,0.1385134907,34.32877192,signal,"RSI(2) aşırılık dönüşü: RSI=100.00 (≥ 95); aralık rejimi doğrulandı: |EMA20−EMA50|/kapanış=0.192% < 0.200%; engel Bollinger(20) orta bandı 11.3028; stop 5.65% (11.8231), hedef 9.92671 (2.00R), zaman stop'u 100 bar | arm=rsi2_reversal | post_r=nan",boyut komisyon+marj nakde sığsın diye 0.9991 oranında kırpıldı | exit_rule=time_stop
scalp_patient,PENGU-USDT-SWAP,long,2026-09-30T10:15:00+00:00,2026-09-30T22:00:00+00:00,0.0099119535,0.009450558071,190938.7743,1892.576252,0.009455285714,87.19558725,2.816652666,671.9239027,2.033379824,1.848505551,-0.09478200755,-90.22643942,stop,"RSI(2) aşırılık dönüşü: RSI=0.00 (≤ 5); aralık rejimi doğrulandı: |EMA20−EMA50|/kapanış=0.021% < 0.200%; engel Bollinger(20) orta bandı 0.00984915; stop 4.55% (0.00945529), hedef 0.0108074 (2.00R), zaman stop'u 100 bar | arm=rsi2_reversal | post_r=nan",boyut komisyon+marj nakde sığsın diye 0.9985 oranında kırpıldı
scalp_patient,NEAR-USDT-SWAP,long,2026-09-30T08:15:00+00:00,2026-10-01T09:30:00+00:00,5.006502,5.2203885,247.4021924,1238.619571,4.651071429,87.93430263,1,1238.619571,1.391585322,1.265091111,-0.2694256793,51.25497803,signal,"RSI(2) aşırılık dönüşü: RSI=0.00 (≤ 5); aralık rejimi doğrulandı: |EMA20−EMA50|/kapanış=0.190% < 0.200%; engel Bollinger(20) orta bandı 4.9449; stop 7.07% (4.65107), hedef 5.71286 (2.00R), zaman stop'u 100 bar | arm=rsi2_reversal | post_r=nan",exit_rule=time_stop
scalp_patient,ETH-USDT-SWAP,short,2026-09-30T15:15:00+00:00,2026-10-01T16:30:00+00:00,2678.20023,2685.752205,0.9703841463,2598.883044,2767.105,86.27177934,1,2598.883044,2.862801923,2.602546021,0.4533025604,-9.737816176,signal,"RSI(2) aşırılık dönüşü: RSI=100.00 (≥ 95); aralık rejimi doğrulandı: |EMA20−EMA50|/kapanış=0.190% < 0.200%; engel Bollinger(20) orta bandı 2699.41; stop 3.27% (2767.11), hedef 2504.38 (2.00R), zaman stop'u 100 bar | arm=rsi2_reversal | post_r=nan",exit_rule=time_stop
scalp_patient,ADA-USDT-SWAP,long,2026-09-30T23:15:00+00:00,2026-10-01T17:15:00+00:00,0.2473236,0.2474762,11510.74649,2846.879261,0.2399071429,85.36895804,4.897710358,581.2673786,3.132533284,2.847758682,-0.5601519941,-1.936145364,signal,"RSI(2) aşırılık dönüşü: RSI=0.00 (≤ 5); aralık rejimi doğrulandı: |EMA20−EMA50|/kapanış=0.124% < 0.200%; engel Bollinger(20) orta bandı 0.244535; stop 2.99% (0.239907), hedef 0.262086 (2.00R), zaman stop'u 100 bar | arm=rsi2_reversal | post_r=nan",boyut komisyon+marj nakde sığsın diye 0.9973 oranında kırpıldı | exit_rule=time_stop
scalp_patient,BTC-USDT-SWAP,short,2026-09-30T19:45:00+00:00,2026-10-01T17:15:00+00:00,83746.5058,84925.84797,0.0820363941,6870.261354,84798.65,86.31411624,2.497307561,2751.067374,7.610499429,13.87171231,0.939072861,-103.420406,stop,"RSI(2) aşırılık dönüşü: RSI=99.59 (≥ 95); aralık rejimi doğrulandı: |EMA20−EMA50|/kapanış=0.072% < 0.200%; engel Bollinger(20) orta bandı 84001.9; stop 1.21% (84798.6), hedef 81767.9 (2.00R), zaman stop'u 100 bar | arm=rsi2_reversal | post_r=nan",boyut komisyon+marj nakde sığsın diye 0.9986 oranında kırpıldı
scalp_patient,ADA-USDT-SWAP,short,2026-09-30T16:00:00+00:00,2026-10-01T17:30:00+00:00,0.24677655,0.25102545,5275.868791,1301.960699,0.26315,86.38417386,1,1301.960699,1.44448592,1.313163742,0.2567416828,-23.60438315,signal,"RSI(2) aşırılık dönüşü: RSI=100.00 (≥ 95); aralık rejimi doğrulandı: |EMA20−EMA50|/kapanış=0.184% < 0.200%; engel Bollinger(20) orta bandı 0.248655; stop 6.58% (0.26315), hedef 0.2144 (2.00R), zaman stop'u 100 bar | arm=rsi2_reversal | post_r=nan",exit_rule=time_stop
scalp_patient,BNB-USDT-SWAP,short,2026-10-01T16:30:00+00:00,2026-10-02T04:15:00+00:00,766.31665,779.9395857,6.765324815,5184.381048,778.7714286,84.26062253,2.003375815,2587.822519,5.753509125,10.49644977,0.2117204629,-97.7053737,stop,"RSI(2) aşırılık dönüşü: RSI=100.00 (≥ 95); aralık rejimi doğrulandı: |EMA20−EMA50|/kapanış=0.065% < 0.200%; engel Bollinger(20) orta bandı 767.925; stop 1.57% (778.771), hedef 742.557 (2.00R), zaman stop'u 100 bar | arm=rsi2_reversal | post_r=nan",boyut komisyon+marj nakde sığsın diye 0.9989 oranında kırpıldı
scalp_patient,BNB-USDT-SWAP,long,2026-10-01T11:15:00+00:00,2026-10-02T12:30:00+00:00,769.88475,778.11075,7.861994024,6052.829303,759.1071429,84.73348295,4.700095286,1287.809913,6.693682253,6.085183374,-0.4226249103,57.55645568,signal,"RSI(2) aşırılık dönüşü: RSI=0.00 (≤ 5); aralık rejimi doğrulandı: |EMA20−EMA50|/kapanış=0.010% < 0.200%; engel Bollinger(20) orta bandı 767.545; stop 1.35% (759.107), hedef 790.286 (2.00R), zaman stop'u 100 bar | arm=rsi2_reversal | post_r=nan",boyut komisyon+marj nakde sığsın diye 0.9974 oranında kırpıldı | exit_rule=time_stop
scalp_patient,BTC-USDT-SWAP,long,2026-10-02T04:30:00+00:00,2026-10-02T15:15:00+00:00,86793.375,85253.45909,0.05651288342,4904.943883,85296.10714,84.61492386,1.969902376,2489.94262,5.347574473,4.861410798,-0.3452285441,-92.71789135,stop,"Açılış aralığı kırılımı: ilk 4 bar [84652.3, 84932.8], kapanış 86750 üstte (14. bar); hacim 906449 ≥ 1.5× SMA20(109849); engel ölçülü hareket 85213.3 (aralık genişliği 280.5); stop 1.68% (85296.1), hedef 89657.8 (2.00R), zaman stop'u 100 bar | arm=opening_range_breakout | post_r=nan",boyut komisyon+marj nakde sığsın diye 0.9989 oranında kırpıldı
scalp_patient,LINK-USDT-SWAP,long,2026-10-01T18:15:00+00:00,2026-10-02T18:30:00+00:00,14.325159,13.70835668,137.1167851,1964.219748,13.71521429,83.6336583,1,1964.219748,2.114126049,1.921912109,-0.1803996331,-86.86847703,stop,"RSI(2) aşırılık dönüşü: RSI=0.00 (≤ 5); aralık rejimi doğrulandı: |EMA20−EMA50|/kapanış=0.087% < 0.200%; engel Bollinger(20) orta bandı 14.3126; stop 4.20% (13.7152), hedef 15.5206 (2.00R), zaman stop'u 100 bar | arm=rsi2_reversal | post_r=nan",
scalp_patient,ETH-USDT-SWAP,long,2026-10-01T18:30:00+00:00,2026-10-02T19:45:00+00:00,2700.779715,2663.2677,1.390203523,3754.633475,2640.654286,83.58658363,1.476229446,2543.394243,4.101414688,3.728546702,-0.4224730762,-56.67322318,signal,"RSI(2) aşırılık dönüşü: RSI=0.00 (≤ 5); aralık rejimi doğrulandı: |EMA20−EMA50|/kapanış=0.025% < 0.200%; engel Bollinger(20) orta bandı 2691.07; stop 2.18% (2640.65), hedef 2817.01 (2.00R), zaman stop'u 100 bar | arm=rsi2_reversal | post_r=nan",boyut komisyon+marj nakde sığsın diye 0.9992 oranında kırpıldı | exit_rule=time_stop
scalp_patient,AVAX-USDT-SWAP,long,2026-10-03T03:00:00+00:00,2026-10-03T16:45:00+00:00,10.867431,11.0534705,290.9358425,3161.725194,10.58635714,81.77445944,1,3161.725194,3.507666771,3.188802302,-0.6387787358,49.97911317,signal,"RSI(2) aşırılık dönüşü: RSI=0.00 (≤ 5); aralık rejimi doğrulandı: |EMA20−EMA50|/kapanış=0.089% < 0.200%; engel Bollinger(20) orta bandı 10.8237; stop 2.53% (10.5864), hedef 11.4103 (2.00R), zaman stop'u 100 bar | arm=rsi2_reversal | post_r=nan",exit_rule=time_stop
scalp_patient,AVAX-USDT-SWAP,short,2026-10-02T15:30:00+00:00,2026-10-03T17:00:00+00:00,11.1074435,11.063529,171.8387044,1908.6887,11.58728571,82.4554644,1,1908.6887,2.095407154,1.904917957,0.08894462093,5.53974825,signal,"RSI(2) aşırılık dönüşü: RSI=100.00 (≥ 95); aralık rejimi doğrulandı: |EMA20−EMA50|/kapanış=0.199% < 0.200%; engel Bollinger(20) orta bandı 11.1419; stop 4.27% (11.5873), hedef 10.1644 (2.00R), zaman stop'u 100 bar | arm=rsi2_reversal | post_r=nan",exit_rule=time_stop
